EC_number,MSM5LLHV_P,HSM7CZ2A,HSM6XRQE_P,CSM5FZ4C_P,CSM9X1ZO,EC_class
1.1.1.1,36.959146,51.514694,0.0,9.007912,25.128668,1
1.1.1.100,96.798696,154.938455,0.0,203.208599,144.169145,1
1.1.1.103,37.743329,83.533034,0.0,61.175502,58.389145,1
1.1.1.122,7.49055,49.0884,0.0,47.8037,39.7122,1
1.1.1.127,4.973461,0.517111,0.0,0.487519,1.716855,1
1.1.1.130,0.728255,0.0,0.0,0.0,0.0,1
1.1.1.131,12.908109,52.129863,0.0,45.28038,53.000015,1
1.1.1.132,0.747446,0.0,0.0,25.9484,6.35095,1
1.1.1.133,129.374495,226.075907,0.505579,236.756267,234.450544,1
1.1.1.136,9.43152,19.2645,0.0,17.2394,14.514557,1
1.1.1.14,28.011504,46.47617,0.0,37.041193,40.808298,1
1.1.1.140,3.115759,0.0,0.0,0.0,0.198453,1
1.1.1.154,2.884429,0.0,0.0,0.0,0.0,1
1.1.1.157,6.909018,7.547998,0.676287,10.569989,5.915833,1
1.1.1.159,0.980348,0.0,0.0,0.0,2.19715,1
1.1.1.163,0.0,0.905346,0.0,0.0,0.46022,1
1.1.1.169,65.261017,131.921267,0.0,127.561188,119.010142,1
1.1.1.17,18.244261,8.28452,0.0,0.0,12.385188,1
1.1.1.18,50.917532,95.827671,0.0,247.294337,89.33835,1
1.1.1.193,56.798498,116.202938,0.528116,123.710827,117.729451,1
1.1.1.2,0.568262,0.0,0.932743,1.348649,2.01289,1
1.1.1.202,19.744964,3.230646,0.0,1.4233,11.755945,1
1.1.1.205,79.292292,165.294598,0.478201,137.079644,162.366196,1
1.1.1.21,1.54203,6.106833,0.0,0.0,6.70082,1
1.1.1.215,0.116341,0.0,0.0,0.0,0.0,1
1.1.1.22,155.589976,221.145005,0.0,293.563937,241.721087,1
1.1.1.23,67.510796,109.89293,0.0,96.478291,105.358456,1
1.1.1.244,0.553086,0.0,0.0,3.37483,1.96844,1
1.1.1.25,80.250687,143.82541,0.0,129.400834,106.488007,1
1.1.1.251,0.871112,0.0,0.0,0.0,0.0,1
1.1.1.255,0.0,0.0,0.0,0.0,1.33724,1
1.1.1.26,0.7881,1.844672,0.0,0.0,0.0,1
1.1.1.261,1.55542,5.61415,0.0,0.0,1.814966,1
1.1.1.262,37.916088,93.436963,0.5632,75.265298,55.693234,1
1.1.1.264,2.032264,0.0,0.0,0.0,0.0,1
1.1.1.266,6.5768,34.5306,0.0,0.0,1.62731,1
1.1.1.267,80.189102,149.197517,0.0,124.307824,143.495864,1
1.1.1.268,1.05118,7.03158,0.0,0.0,1.82779,1
1.1.1.27,11.244888,12.751968,0.0,6.452129,17.285111,1
1.1.1.271,75.486569,155.57658,0.0,162.263673,132.394043,1
1.1.1.272,0.508777,2.49122,0.0,0.0,0.906575,1
1.1.1.274,7.769714,3.90481,0.502371,0.0,3.20848,1
1.1.1.276,1.40358,3.131419,0.0,0.747063,0.282048,1
1.1.1.28,10.660869,40.767753,0.0,11.713678,32.698923,1
1.1.1.281,0.0,0.0,0.0,5.82636,9.6796,1
1.1.1.282,1.366152,0.0,0.0,0.0,0.0,1
1.1.1.283,1.00018,5.68268,0.0,9.26414,0.0,1
1.1.1.284,1.126742,0.0,0.0,0.0,0.0,1
1.1.1.289,0.0,1.33767,0.0,0.0,0.0,1
1.1.1.29,21.487704,9.406048,0.0,35.840835,29.10647,1
1.1.1.290,84.227864,324.123128,0.780441,158.63503,194.465772,1
1.1.1.291,0.522622,0.0,0.0,0.0,0.0,1
1.1.1.292,25.106536,11.706994,0.0,29.1148,21.681079,1
1.1.1.298,0.117259,0.0,0.0,0.0,0.0,1
1.1.1.3,66.298852,118.19804,0.0,73.624508,101.511605,1
1.1.1.30,0.0,0.0,0.0,0.0,1.316442,1
1.1.1.304,0.0,0.0,0.0,2.86189,0.0,1
1.1.1.306,0.0,0.840706,0.0,0.0,0.0,1
1.1.1.336,32.962971,71.9123,0.0,65.4394,42.27652,1
1.1.1.34,0.0,0.900086,0.0,0.0,1.12422,1
1.1.1.35,8.187028,3.270562,0.592953,7.026278,3.74899,1
1.1.1.355,2.52831,4.55804,0.0,24.6016,4.23265,1
1.1.1.36,0.385506,1.54634,0.0,0.0,0.0,1
1.1.1.37,69.899809,172.147684,1.169747,112.307871,145.57342,1
1.1.1.373,0.859839,0.0,0.0,0.0,0.0,1
1.1.1.38,1.232631,2.39239,0.0,0.0,0.945605,1
1.1.1.381,0.117259,0.0,0.0,0.0,0.0,1
1.1.1.399,0.196153,0.0,0.0,0.0,0.0,1
1.1.1.40,38.314765,71.812032,0.0,71.969101,49.553266,1
1.1.1.405,0.0,0.0,0.0,0.0,1.312184,1
1.1.1.41,0.0,0.0,0.0,0.431258,0.263793,1
1.1.1.42,39.268716,66.915828,0.0,92.192928,85.766749,1
1.1.1.44,38.478891,93.513691,0.377526,85.444746,74.946371,1
1.1.1.47,0.562384,0.624813,0.0,0.0,0.48222,1
1.1.1.49,26.617964,80.424154,0.0,54.673754,58.68902,1
1.1.1.50,0.523932,0.754073,0.0,0.325684,2.76611,1
1.1.1.51,4.67668,1.34629,0.0,0.0,5.05494,1
1.1.1.57,9.823734,10.686,0.0,6.412102,10.3121,1
1.1.1.58,31.492893,79.078428,0.387527,71.078403,61.924647,1
1.1.1.6,4.426671,3.362267,0.0,10.935318,3.671572,1
1.1.1.60,6.987028,0.931971,0.0,1.77262,0.217779,1
1.1.1.61,0.0,0.0,0.863699,2.580103,0.0,1
1.1.1.64,0.0,0.707818,0.0,0.0,0.0,1
1.1.1.65,0.704485,0.0,0.0,0.0,0.0,1
1.1.1.67,4.059251,9.55094,0.0,0.0,7.00937,1
1.1.1.69,12.776671,4.993154,0.0,21.237457,9.64158,1
1.1.1.77,57.331245,84.582513,0.0,88.530993,74.058119,1
1.1.1.79,5.42057,0.0,0.0,1.29139,0.468134,1
1.1.1.8,1.069847,0.0,0.0,0.0,0.0,1
1.1.1.81,0.0,0.0,0.0,0.0,0.459282,1
1.1.1.85,77.423131,142.575441,0.0,110.30415,137.71781,1
1.1.1.86,86.52355,177.78589,0.0,138.047743,179.342708,1
1.1.1.88,0.0,0.0,0.0,0.282351,0.0,1
1.1.1.93,6.33915,0.0,0.0,0.0,0.0,1
1.1.1.94,97.803477,190.823134,0.0,122.479048,158.314084,1
1.1.1.95,65.727417,113.466046,0.0,93.034907,76.49161,1
1.1.2.3,0.683339,0.0,0.0,0.197967,0.0,1
1.1.3.15,1.716043,0.885695,0.0,1.98531,0.0,1
1.1.5.12,0.26947,0.0,0.0,0.0,0.0,1
1.1.5.2,0.783738,0.0,0.0,0.0,0.0,1
1.1.5.3,34.483092,59.658572,0.0,0.0,6.036215,1
1.1.5.4,1.781554,0.0,0.0,0.0,0.0,1
1.1.99.1,0.838727,0.0,0.0,0.0,0.0,1
1.1.99.14,0.241898,0.0,0.0,0.0,0.0,1
1.1.99.28,1.969851,5.464717,0.0,1.38028,9.30533,1
1.10.3.10,28.67529,44.71324,0.0,54.2248,26.638077,1
1.10.9.1,0.0,0.360887,0.0,0.624182,0.210027,1
1.11.1.1,69.229063,121.35148,0.0,91.021077,110.516684,1
1.11.1.10,0.0,0.0,0.0,0.403132,0.0,1
1.11.1.15,171.507406,447.097452,0.0,274.533963,281.553853,1
1.11.1.18,1.41844,0.0,0.0,0.0,5.92311,1
1.11.1.21,2.749935,0.0,0.0,0.0,0.0,1
1.11.1.5,2.350671,2.75378,0.0,0.0,3.867703,1
1.11.1.6,24.623132,39.371937,0.0,53.03611,49.207664,1
1.11.1.9,0.29678,0.0,0.0,0.0,0.0,1
1.12.1.2,0.707937,0.0,0.0,0.423325,0.0,1
1.12.1.3,0.0,0.0,0.0,0.701906,0.0,1
1.12.7.2,31.790901,60.828862,0.462013,76.302628,78.094562,1
1.12.99.6,8.230197,2.98264,0.0,0.0,2.74428,1
1.13.11.24,38.535859,22.616119,0.0,51.6979,36.08386,1
1.13.11.27,0.585945,0.0,0.0,1.6356,0.0,1
1.13.12.16,45.642177,55.499501,0.0,40.21403,65.516169,1
1.14.11.17,1.274901,0.0,0.0,0.0,0.0,1
1.14.11.33,0.562106,0.0,0.0,0.0,0.0,1
1.14.12.17,1.644737,0.0,0.0,0.0,0.0,1
1.14.13.48,0.856326,0.859156,0.0,5.264564,1.23698,1
1.14.13.81,0.410982,0.328517,0.0,0.062591,0.052777,1
1.14.14.5,1.464073,0.0,0.0,0.0,0.0,1
1.15.1.1,55.165514,108.59819,0.843876,77.53523,119.353355,1
1.15.1.2,1.847593,6.576879,0.0,3.958397,3.22942,1
1.16.1.1,28.612873,42.13116,0.0,44.6042,38.11856,1
1.16.1.3,1.60415,0.0,0.417975,0.0,0.0,1
1.16.1.9,1.407504,0.0,0.0,0.0,0.0,1
1.16.3.1,22.0752,32.939941,0.0,0.0,26.5534,1
1.16.3.2,126.920107,527.188445,1.252671,230.957598,307.504195,1
1.17.1.2,0.0,0.571778,0.0,0.0,0.0,1
1.17.1.4,3.507051,0.866196,0.0,0.60456,1.641686,1
1.17.1.5,6.178948,3.1209,0.0,8.94429,0.415096,1
1.17.1.8,60.932337,77.054119,0.810993,81.504418,85.858571,1
1.17.1.9,4.328592,0.0,0.268424,0.0,0.0,1
1.17.4.1,109.947496,203.851796,0.0,171.379929,182.082938,1
1.17.4.2,24.512176,91.341209,0.813252,73.73973,69.165988,1
1.17.7.1,1.821102,0.0,0.0,4.81082,0.0,1
1.17.7.3,84.391067,163.795004,0.0,124.634627,150.679551,1
1.17.7.4,83.995272,139.380082,0.0,110.829746,145.567375,1
1.17.98.1,0.657571,2.514531,0.0,0.0,0.727833,1
1.17.99.6,64.281476,98.762667,0.0,75.439298,120.279107,1
1.18.1.1,1.244347,0.0,0.0,0.0,0.0,1
1.18.1.2,1.559691,23.4978,0.0,0.0,13.339978,1
1.18.1.3,1.085619,0.383774,0.0,2.88627,0.0,1
1.18.1.6,0.0,0.787296,0.0,0.0,0.0,1
1.18.6.1,7.664536,0.579163,0.0,15.460649,9.107744,1
1.2.1.10,0.756808,0.0,0.649273,0.461894,0.0,1
1.2.1.11,86.056246,165.865084,0.0,112.437153,136.502984,1
1.2.1.12,3.144207,8.985157,0.0,19.387908,7.811299,1
1.2.1.16,1.475795,0.0,0.625544,0.0,0.0,1
1.2.1.19,1.309595,0.0,0.0,0.0,0.0,1
1.2.1.2,1.292842,1.117656,0.0,0.970435,0.0,1
1.2.1.22,6.409152,37.3333,0.0,15.929112,26.1336,1
1.2.1.3,0.076695,0.0,0.603263,0.218263,0.0,1
1.2.1.38,73.944497,125.712876,0.0,111.330275,131.335569,1
1.2.1.41,81.527547,145.979407,0.0,123.464717,125.000411,1
1.2.1.50,0.0,0.531822,0.0,0.0,0.0,1
1.2.1.59,0.0,0.0,0.0,0.0,1.16729,1
1.2.1.62,0.0,4.60567,0.0,0.0,0.0,1
1.2.1.70,11.676137,4.202274,0.0,14.912242,17.5338,1
1.2.1.72,1.368956,0.279519,0.0,0.0,0.0,1
1.2.1.76,1.122728,0.0,0.0,0.323902,0.0,1
1.2.1.79,0.531224,0.0,0.0,0.0,0.0,1
1.2.1.8,0.840874,0.0,0.646591,0.0,0.0,1
1.2.1.84,0.0,0.0,0.690466,0.0,0.0,1
1.2.1.88,3.629066,0.0,0.381862,0.0,0.0,1
1.2.2.1,0.134262,0.0,0.0,0.0,0.0,1
1.2.4.1,1.517794,0.0,0.0,0.0,0.0,1
1.2.4.2,8.405515,1.33028,0.0,6.02672,10.3079,1
1.2.4.4,0.593531,0.722417,0.0,18.504491,0.881796,1
1.2.5.1,3.089845,1.625426,0.0,0.0,1.40598,1
1.2.7.1,2.239417,2.325728,0.0,6.140304,2.18013,1
1.2.7.3,7.09106,8.70415,0.0,0.0,10.551233,1
1.2.7.4,0.68375,1.572143,0.0,0.540704,0.964962,1
1.2.7.5,0.117656,0.0,0.0,0.0,0.0,1
1.2.7.7,5.120404,32.896711,0.0,12.2867,42.52867,1
1.2.7.8,78.364319,231.303588,0.0,102.980245,159.12855,1
1.2.99.2,2.83015,1.514638,0.0,5.771146,0.855134,1
1.2.99.5,0.0,0.0,0.0,0.0,0.758587,1
1.2.99.7,0.0,0.43202,0.0,1.061319,0.0,1
1.20.4.1,34.983925,108.1892,0.0,70.065263,86.99945,1
1.21.4.2,1.037151,0.0,0.0,0.0,0.428959,1
1.21.4.3,0.681721,0.0,0.0,0.0,0.428959,1
1.21.4.4,1.19183,0.0,0.0,0.316534,0.428959,1
1.21.98.1,15.6225,8.120589,0.0,0.0,8.36766,1
1.3.1.1,6.341619,21.92677,0.0,23.634441,15.10004,1
1.3.1.101,0.0,0.0,0.0,0.0,2.065919,1
1.3.1.12,3.333914,12.883395,0.0,3.15333,2.760237,1
1.3.1.14,8.82507,64.54011,0.0,55.3847,62.12292,1
1.3.1.20,0.0,1.51259,0.0,0.0,0.0,1
1.3.1.26,6.67898,45.8115,0.0,21.68719,26.84773,1
1.3.1.28,0.701639,0.0,0.0,0.0,0.0,1
1.3.1.31,0.0,0.0,0.0,1.65766,0.0,1
1.3.1.34,4.628199,13.849527,0.0,6.096183,7.755511,1
1.3.1.43,5.341635,2.398679,0.0,9.163995,4.502497,1
1.3.1.44,1.81529,2.086048,0.0,0.0,0.679794,1
1.3.1.54,5.22711,3.729835,0.0,3.21706,3.200284,1
1.3.1.6,0.612679,0.0,0.0,0.0,0.0,1
1.3.1.74,0.0,0.437065,0.0,0.0,1.138965,1
1.3.1.76,1.444402,0.0,0.0,0.0,0.249049,1
1.3.1.84,0.558461,0.0,0.0,0.0,0.0,1
1.3.1.9,76.694707,156.937928,0.0,130.49634,143.697781,1
1.3.1.91,1.173561,0.0,0.0,0.0,0.0,1
1.3.1.98,84.058311,138.453744,0.867045,118.426833,142.419424,1
1.3.3.1,0.0,0.913831,0.0,0.0,1.63734,1
1.3.3.3,2.802337,0.0,0.0,0.0,0.0,1
1.3.3.4,1.327138,5.40603,0.0,14.5884,3.32224,1
1.3.5.1,32.127675,81.34847,1.69464,23.55177,89.61936,1
1.3.5.2,20.489855,43.232638,0.0,42.47747,32.523621,1
1.3.5.3,0.691785,0.0,0.0,0.0,0.0,1
1.3.5.4,0.563081,0.0,0.0,0.0,0.0,1
1.3.7.8,0.262264,1.551581,0.0,0.952698,0.0,1
1.3.7.9,11.943734,1.332205,0.0,4.617044,7.861235,1
1.3.8.1,15.369097,28.205233,0.843019,14.634666,22.107876,1
1.3.8.13,0.941346,0.0,0.0,0.0,0.0,1
1.3.98.1,15.51187,46.792365,0.397096,23.634441,14.03064,1
1.3.98.3,6.724473,7.15597,0.0,21.20333,5.971546,1
1.3.99.1,20.659093,53.637657,0.0,0.0,44.221013,1
1.3.99.2,0.0,0.0,0.0,0.0,0.9064,1
1.3.99.22,6.100312,5.440367,0.0,1.766824,3.199523,1
1.3.99.31,0.0,0.0,0.0,0.0,9.85213,1
1.3.99.4,0.550697,0.0,0.0,0.0,0.0,1
1.3.99.5,1.54226,8.2609,0.0,0.0,5.938586,1
1.4.1.1,57.73837,132.082885,0.0,92.31861,104.8201,1
1.4.1.11,0.488446,0.0,0.0,2.05868,0.0,1
1.4.1.13,38.646497,88.740623,1.953061,81.199717,86.534588,1
1.4.1.14,7.615854,5.805361,0.0,9.38777,8.092579,1
1.4.1.16,69.807203,149.740573,0.0,115.022983,131.122699,1
1.4.1.2,36.27158,105.9291,0.0,74.1778,81.704739,1
1.4.1.21,2.282014,10.003131,0.0,0.0,10.010859,1
1.4.1.24,0.0,0.0,0.0,0.0,1.45009,1
1.4.1.3,38.2171,97.4458,0.0,91.2508,84.3634,1
1.4.1.4,2.23696,0.0,0.0,0.0,0.0,1
1.4.3.1,0.888233,0.695644,0.0,0.0,0.0,1
1.4.3.16,70.839677,144.130167,0.0,127.162715,145.392462,1
1.4.3.19,1.08578,0.0,0.0,0.0,0.0,1
1.4.3.5,33.966291,53.28941,1.05961,64.32669,30.57224,1
1.4.4.2,68.600271,144.779348,0.0,114.463617,130.963871,1
1.4.7.1,0.718701,1.488144,0.0,2.066876,0.957383,1
1.4.99.6,2.051076,0.0,0.0,0.0,0.0,1
1.5.1.2,76.960166,166.102339,0.0,118.60945,136.30529,1
1.5.1.20,83.046093,187.313299,0.0,124.218073,176.001726,1
1.5.1.3,49.30221,130.673737,0.0,66.905475,105.754958,1
1.5.1.34,4.290437,33.5506,0.0,18.9825,23.1907,1
1.5.1.38,7.778541,15.55457,0.0,50.4167,10.26589,1
1.5.1.39,31.718282,67.568493,0.0,31.882635,32.828203,1
1.5.1.5,81.49077,147.022178,0.586398,126.163995,134.373283,1
1.5.1.7,3.480302,5.361688,1.00706,6.633063,5.53418,1
1.5.3.1,0.648918,0.0,0.0,0.0,2.33442,1
1.5.5.1,2.247872,0.0,0.0,0.0,0.0,1
1.5.5.2,1.321054,0.0,0.0,0.0,0.0,1
1.5.99.8,0.062139,0.0,0.0,0.0,0.0,1
1.6.1.1,3.034182,10.3079,0.0,0.0,4.44898,1
1.6.1.2,1.160089,0.784701,0.567363,0.0,0.0,1
1.6.5.11,486.440631,824.90293,0.923602,670.332321,797.351665,1
1.6.5.2,0.784495,0.0,0.0,0.0,0.0,1
1.6.5.3,82.63804,100.8839,0.0,131.05347,159.265143,1
1.6.5.5,12.176515,0.0,0.0,0.0,0.0,1
1.6.6.9,2.629985,0.0,0.0,0.0,0.0,1
1.6.99.1,5.03179,28.32506,0.0,30.372,22.10647,1
1.6.99.3,18.806213,1.25089,0.0,22.9628,19.0584,1
1.6.99.5,4.88188,22.835255,0.0,32.2598,16.06276,1
1.7.1.1,0.01983,0.0,0.0,0.0,0.0,1
1.7.1.13,50.52725,103.472497,0.0,101.62669,107.553264,1
1.7.1.15,1.502385,0.0,0.0,0.0,0.0,1
1.7.1.4,2.870305,0.0,0.0,0.0,0.0,1
1.7.1.7,2.166225,0.0,0.0,0.0,8.483095,1
1.7.2.2,41.169363,28.66976,0.0,105.1938,60.882001,1
1.7.2.3,5.031685,0.0,0.0,0.0,0.0,1
1.7.5.1,0.21889,0.0,0.0,0.0,0.0,1
1.7.99.1,44.164325,81.685731,0.0,107.318024,84.986027,1
1.7.99.4,15.411138,0.0,0.0,0.0,0.0,1
1.8.1.14,26.457651,62.257765,0.0,63.66877,78.48259,1
1.8.1.2,1.388767,0.0,0.0,0.0,0.0,1
1.8.1.4,94.781106,185.98371,0.0,176.036704,169.30873,1
1.8.1.7,2.574863,0.0,0.0,0.0,0.0,1
1.8.1.8,22.739436,10.12545,0.0,16.8699,13.807264,1
1.8.1.9,73.521735,138.307269,0.0,99.948223,125.654975,1
1.8.2.3,1.047,2.63973,0.0,0.0,3.05376,1
1.8.4.11,82.004762,154.528175,0.0,112.764792,144.93658,1
1.8.4.12,33.628895,72.041444,0.0,58.656815,80.993104,1
1.8.4.14,34.352748,36.229909,0.0,45.6251,32.58032,1
1.8.4.2,0.0,0.0,0.0,0.0,0.175286,1
1.8.4.8,0.709577,0.0,0.0,0.0,2.318121,1
1.8.5.3,5.570952,0.0,0.0,0.0,0.0,1
1.8.98.1,0.0,1.99022,0.0,0.0,0.977703,1
1.8.99.2,0.61191,1.38144,0.0,0.0,0.969437,1
1.8.99.3,0.0,0.0,0.0,3.195429,0.0,1
1.9.3.1,3.462338,0.0,6.423038,0.0,0.0,1
1.9.6.1,1.653915,0.0,0.0,0.0,0.754931,1
1.97.1.4,71.812158,134.73578,0.0,104.883672,152.174081,1
1.97.1.9,1.489005,0.0,0.0,0.0,0.0,1
2.1.1.10,0.0,0.816154,0.0,0.0,0.0,2
2.1.1.104,0.0,1.01489,0.0,0.0,0.0,2
2.1.1.107,3.387351,1.754853,0.0,2.08048,2.828643,2
2.1.1.113,0.365202,0.0,0.0,1.08147,1.08662,2
2.1.1.13,63.195577,138.339425,0.0,157.087531,120.386565,2
2.1.1.130,6.45173,20.992634,0.0,20.17771,7.270269,2
2.1.1.131,24.451551,25.239121,0.0,34.74802,27.619809,2
2.1.1.132,17.955167,50.7291,0.0,30.80196,37.314281,2
2.1.1.133,41.357821,71.053655,0.0,61.39183,50.202631,2
2.1.1.14,25.253006,6.970998,0.0,17.95779,17.332006,2
2.1.1.144,0.328786,0.0,0.0,0.284611,0.0,2
2.1.1.148,12.989328,2.67388,0.0,18.470505,11.100495,2
2.1.1.151,0.0,1.789741,0.0,1.954601,0.191188,2
2.1.1.156,4.470372,4.63614,0.0,14.128411,3.534682,2
2.1.1.157,0.0,0.0,0.0,0.0,0.51526,2
2.1.1.163,73.282744,129.896999,0.775244,87.19962,120.256354,2
2.1.1.164,1.24694,0.674083,0.0,42.0001,3.15998,2
2.1.1.166,2.698576,0.763501,0.0,0.0,0.473953,2
2.1.1.170,2.08534,0.0,0.0,2.65345,0.307074,2
2.1.1.171,27.206849,22.276177,0.0,72.189973,30.924937,2
2.1.1.172,0.833048,0.0,0.0,0.0,0.0,2
2.1.1.173,25.203719,51.778553,0.0,46.248085,48.584827,2
2.1.1.174,1.298789,0.0,0.0,0.0,0.0,2
2.1.1.176,18.252707,8.948205,0.0,8.29216,13.492829,2
2.1.1.177,77.495317,158.521777,0.0,124.199397,164.219596,2
2.1.1.178,50.551692,57.424014,0.0,49.001,41.832131,2
2.1.1.181,5.663104,18.071171,0.0,34.66523,10.07798,2
2.1.1.182,84.927357,161.80177,0.0,121.685136,155.3488,2
2.1.1.184,4.43566,8.09063,0.0,0.910496,21.9665,2
2.1.1.185,4.431988,10.757,0.0,0.0,7.449008,2
2.1.1.186,1.058347,0.0,0.0,0.0,0.0,2
2.1.1.187,0.0,1.09128,0.0,2.152565,0.441851,2
2.1.1.189,4.225705,3.31745,0.0,5.011678,6.818306,2
2.1.1.190,3.612118,1.591286,0.0,0.0,2.711593,2
2.1.1.191,78.209874,66.311304,0.0,81.8591,70.892807,2
2.1.1.192,48.009973,66.816006,0.0,70.388231,91.159808,2
2.1.1.193,67.420888,114.91159,0.0,93.658615,122.583846,2
2.1.1.195,40.297839,78.795733,0.0,59.101732,60.186698,2
2.1.1.197,33.409101,93.390407,0.0,88.049211,76.967994,2
2.1.1.198,114.844297,198.351134,0.0,161.025144,187.126136,2
2.1.1.199,80.088552,130.241419,0.0,107.995012,133.739514,2
2.1.1.200,1.67022,0.0,0.0,0.0,0.0,2
2.1.1.201,1.360595,0.0,0.0,0.0,0.720003,2
2.1.1.206,0.0,0.862525,0.0,0.0,1.03425,2
2.1.1.207,21.804719,9.702924,0.0,20.651842,32.262681,2
2.1.1.208,2.16309,0.0,0.0,31.4372,9.45993,2
2.1.1.210,0.0,0.0,0.0,0.0,7.88246,2
2.1.1.217,0.0,0.0,0.0,1.75354,2.407304,2
2.1.1.220,1.06567,1.07523,0.0,0.0,0.0,2
2.1.1.222,0.518935,0.0,0.0,0.0,0.0,2
2.1.1.223,50.47687,120.126236,0.644436,71.364082,97.869628,2
2.1.1.226,2.23612,2.540171,0.0,7.06991,4.450593,2
2.1.1.228,90.421304,152.499501,0.402057,115.606706,152.836506,2
2.1.1.242,0.954575,1.10339,0.0,0.26045,0.0,2
2.1.1.250,0.0,0.592132,0.0,0.0,1.23361,2
2.1.1.257,0.0,1.50878,0.0,0.0,0.820563,2
2.1.1.264,0.084351,0.579458,0.0,0.0,0.0,2
2.1.1.265,0.292494,0.0,0.0,0.0,0.0,2
2.1.1.271,0.0,0.0,0.0,16.1606,0.0,2
2.1.1.297,67.95994,137.805647,0.0,112.565603,129.298642,2
2.1.1.298,0.310936,0.0,0.0,0.0,0.0,2
2.1.1.33,85.260854,150.917229,0.768447,112.412692,144.15121,2
2.1.1.34,24.809042,35.516748,0.0,13.9955,26.00463,2
2.1.1.35,1.511242,0.0,0.0,0.0,0.0,2
2.1.1.37,95.151558,129.761171,0.0,43.868338,242.276344,2
2.1.1.45,94.219522,178.400433,0.0,120.626904,187.060556,2
2.1.1.51,0.0,0.0,0.0,0.0,0.480676,2
2.1.1.61,2.170918,0.0,0.0,0.0,0.0,2
2.1.1.63,133.349815,221.283597,0.0,199.462344,188.472957,2
2.1.1.64,7.290533,34.9701,0.0,22.0647,29.0947,2
2.1.1.72,122.123547,190.020273,0.0,103.378348,278.484652,2
2.1.1.74,18.699355,10.635496,0.0,27.871339,28.589101,2
2.1.1.77,1.286553,0.0,0.0,0.0,0.0,2
2.1.1.79,1.57639,0.357317,0.0,0.0,0.142578,2
2.1.1.80,1.060982,1.48145,0.0,4.16489,2.149167,2
2.1.1.98,0.0,0.0,0.0,0.0,0.748822,2
2.1.2.1,73.895654,138.531223,0.543501,99.653871,142.920675,2
2.1.2.10,64.572556,154.815674,1.05991,102.362171,132.680946,2
2.1.2.11,66.707932,146.492617,0.405127,120.83599,119.589994,2
2.1.2.2,74.898075,154.399617,0.0,109.538606,139.499987,2
2.1.2.3,81.684963,202.436537,0.0,160.26056,177.01184,2
2.1.2.5,36.14113,91.36903,0.0,62.6504,73.29288,2
2.1.2.9,78.191336,146.627321,0.0,118.808865,140.982826,2
2.1.3.1,20.473398,10.46809,0.0,18.30817,14.611539,2
2.1.3.15,21.530401,12.630967,0.0,49.818306,33.419589,2
2.1.3.2,82.176289,140.328144,0.661283,107.130645,142.251486,2
2.1.3.3,57.14333,30.347275,0.0,26.748434,60.986502,2
2.1.3.9,61.421691,120.60685,0.0,104.37732,96.44796,2
2.10.1.1,2.376309,0.570546,0.0,0.313804,0.0,2
2.2.1.1,16.60211,21.419548,0.461671,64.294134,26.630074,2
2.2.1.10,1.06837,0.576601,0.0,0.0,1.86136,2
2.2.1.2,56.107754,92.660371,0.0,65.828936,87.200461,2
2.2.1.3,0.335345,0.950101,0.0,0.0,0.0,2
2.2.1.6,104.395008,163.674936,0.0,209.405409,172.429577,2
2.2.1.7,164.754452,276.625363,0.0,323.522084,249.643204,2
2.2.1.9,38.473502,93.705268,0.0,91.60007,79.98346,2
2.3.1.1,23.074132,14.545324,0.0,19.955081,37.412814,2
2.3.1.109,1.235624,0.0,0.0,0.0,0.0,2
2.3.1.117,1.825689,0.0,0.0,0.0,0.0,2
2.3.1.118,1.245881,0.0,0.0,0.0,0.0,2
2.3.1.12,1.188584,0.0,0.0,0.0,0.0,2
2.3.1.128,1.548423,4.096343,0.0,0.0,2.434322,2
2.3.1.129,120.375134,305.672143,0.0,231.94711,245.421308,2
2.3.1.15,6.289277,1.07618,0.0,0.0,0.0,2
2.3.1.157,11.578099,5.524993,0.0,12.718874,7.183679,2
2.3.1.16,9.740483,0.542112,0.0,4.842513,0.0,2
2.3.1.169,0.0,1.077768,0.0,0.0,0.0,2
2.3.1.174,0.771575,0.0,0.0,0.0,0.0,2
2.3.1.179,98.378439,201.033289,0.959171,148.168949,201.276606,2
2.3.1.18,29.552387,119.324,0.0,94.724743,105.938674,2
2.3.1.180,117.794151,328.45735,0.76906,247.702205,267.87807,2
2.3.1.181,64.191651,148.370355,0.0,100.14579,128.201665,2
2.3.1.183,1.319722,50.61665,0.0,2.251208,1.110965,2
2.3.1.19,0.920774,1.98332,0.0,2.505454,0.517674,2
2.3.1.191,2.653299,0.0,0.0,0.39884,0.0,2
2.3.1.193,1.31555,0.0,0.0,0.0,0.0,2
2.3.1.201,0.0,0.0,0.0,0.0,20.3212,2
2.3.1.202,0.0,0.0,0.0,1.15705,0.0,2
2.3.1.210,0.539334,0.0,0.0,0.0,0.0,2
2.3.1.222,6.905483,10.315274,0.0,5.43426,19.913508,2
2.3.1.234,92.649787,140.721832,0.810608,112.483793,148.14298,2
2.3.1.251,0.746298,0.0,0.0,0.0,0.0,2
2.3.1.255,0.339891,0.0,0.0,0.0,0.0,2
2.3.1.266,21.601866,20.868902,0.0,37.308002,33.180231,2
2.3.1.267,0.653868,0.0,0.0,0.0,0.0,2
2.3.1.274,3.32427,2.14555,0.0,7.9209,10.6882,2
2.3.1.28,34.21062,105.853481,0.0,127.297721,70.359361,2
2.3.1.29,63.449696,168.18438,0.0,109.48195,132.534092,2
2.3.1.30,66.972502,104.479447,0.0,151.831355,117.347167,2
2.3.1.31,77.72112,164.831822,0.0,133.602174,151.381935,2
2.3.1.35,21.157126,14.545324,0.0,19.955081,36.446332,2
2.3.1.39,74.11762,141.250191,0.0,116.129948,139.466342,2
2.3.1.40,1.560105,0.0,0.0,0.0,0.0,2
2.3.1.41,25.583732,10.80804,0.0,8.65639,25.25049,2
2.3.1.46,0.553916,0.0,0.0,0.0,0.0,2
2.3.1.47,60.04698,154.99982,0.0,121.02353,90.127444,2
2.3.1.50,26.7973,59.1704,0.0,27.3611,30.3638,2
2.3.1.51,72.424208,147.611365,0.0,96.777846,133.650947,2
2.3.1.54,22.642147,56.01671,0.0,34.277453,37.076448,2
2.3.1.57,20.641451,37.035957,0.0,32.555077,31.790061,2
2.3.1.61,3.83565,0.819782,0.0,0.0,0.0,2
2.3.1.79,5.878582,38.306974,0.693872,96.423072,48.134456,2
2.3.1.8,3.547413,9.375463,0.771325,49.397179,6.169191,2
2.3.1.81,3.30899,0.0,0.0,4.830512,25.876662,2
2.3.1.86,22.09,30.0006,0.0,14.7151,36.3788,2
2.3.1.89,29.50127,21.77474,0.0,48.909923,13.39962,2
2.3.1.9,12.471645,6.396182,0.0,15.002244,6.720722,2
2.3.1.94,0.127453,0.0,0.0,0.0,0.0,2
2.3.1.n2,39.605232,46.073469,0.0,26.300231,64.897944,2
2.3.1.n3,46.434952,42.14095,0.0,39.014757,80.735283,2
2.3.1.n5,1.10863,0.0,0.0,0.0,0.0,2
2.3.2.2,2.585727,0.0,0.0,0.434545,0.0,2
2.3.2.3,34.658865,31.583781,0.0,38.61296,40.95364,2
2.3.2.6,26.24981,60.42167,0.0,52.66695,60.53813,2
2.3.3.1,3.160405,0.481682,0.439974,3.38933,2.433523,2
2.3.3.13,112.125935,205.660016,0.635674,153.6551,207.523082,2
2.3.3.16,0.230572,0.0,0.0,0.0,0.974202,2
2.3.3.5,1.083473,0.53754,0.0,0.0,0.0,2
2.3.3.9,2.864937,0.0,0.0,0.0,0.0,2
2.4.1.1,94.920367,250.988024,0.0,137.870891,203.08823,2
2.4.1.109,14.989341,2.139474,0.0,8.54996,0.0,2
2.4.1.11,16.939807,7.223033,0.0,62.5768,22.868513,2
2.4.1.12,3.165697,0.0,0.0,0.0,0.0,2
2.4.1.129,112.143923,172.625745,2.593856,179.902084,146.84423,2
2.4.1.15,0.606919,0.0,0.0,0.0,0.0,2
2.4.1.157,0.0,1.72259,0.0,0.222039,1.04633,2
2.4.1.18,100.125959,146.837564,0.420461,135.392584,189.970845,2
2.4.1.180,0.486906,0.0,0.0,0.0,0.0,2
2.4.1.182,64.266858,134.990175,0.848787,106.16665,111.905401,2
2.4.1.187,8.857064,20.60707,0.0,14.539881,36.013643,2
2.4.1.20,1.28735,1.52484,0.0,0.0,4.172044,2
2.4.1.21,28.908513,84.099044,0.668902,104.524534,94.353998,2
2.4.1.211,7.556836,5.760738,0.0,13.77525,5.792698,2
2.4.1.212,83.641842,108.904825,0.0,163.494994,133.22874,2
2.4.1.227,76.793472,130.506796,0.0,120.027315,132.457618,2
2.4.1.230,4.005358,2.666149,0.0,1.51653,2.2145,2
2.4.1.246,26.269,35.58774,0.0,18.196042,59.563737,2
2.4.1.248,19.10151,20.8431,0.0,56.4041,33.76817,2
2.4.1.25,78.11066,88.917293,0.0,76.876993,88.009863,2
2.4.1.250,60.74775,73.095386,0.0,88.762866,82.97921,2
2.4.1.280,19.2959,20.645,0.0,30.8966,22.1319,2
2.4.1.281,29.108857,76.608329,0.0,113.03793,102.401734,2
2.4.1.289,0.0,0.0,0.0,24.21665,0.0,2
2.4.1.290,0.0,0.0,0.0,14.9708,20.33807,2
2.4.1.291,0.0,0.974317,0.0,0.0,0.0,2
2.4.1.292,0.0,0.0,0.0,0.0,5.59253,2
2.4.1.293,0.0,0.0,0.0,0.0,6.59427,2
2.4.1.301,0.0,0.0,0.0,0.0,24.6619,2
2.4.1.303,2.185179,0.0,0.0,11.73521,2.80528,2
2.4.1.320,3.02131,21.4047,0.0,31.6717,13.1854,2
2.4.1.329,0.0,0.0,0.0,0.0,0.854039,2
2.4.1.345,0.540819,0.0,0.0,20.9354,0.0,2
2.4.1.4,0.0,0.629537,0.0,0.0,0.0,2
2.4.1.44,0.293015,0.0,0.0,0.0,0.0,2
2.4.1.52,3.769162,63.45118,0.0,88.41478,31.31851,2
2.4.1.54,5.33932,27.5357,0.605648,56.7544,19.25342,2
2.4.1.57,62.114336,45.707623,0.0,65.328161,10.601673,2
2.4.1.58,2.409153,0.0,0.0,0.0,0.0,2
2.4.1.7,1.56685,1.62048,0.0,0.0,0.0,2
2.4.1.8,12.2271,29.65147,0.0,16.2267,3.070998,2
2.4.1.83,0.576397,1.47927,0.0,0.398104,0.0,2
2.4.1.87,0.0,6.42379,0.0,0.0,0.0,2
2.4.2.1,90.643097,160.941937,0.0,141.619216,157.971919,2
2.4.2.10,83.137695,139.875936,1.0924,106.853766,157.185625,2
2.4.2.14,113.530627,187.118556,0.0,130.488576,151.655599,2
2.4.2.15,0.176424,0.0,0.0,0.0,0.0,2
2.4.2.17,73.932062,130.479482,0.0,101.029935,117.421033,2
2.4.2.18,51.17281,109.718293,0.0,96.761104,95.8461,2
2.4.2.19,35.514619,95.615048,0.0,69.6362,106.209861,2
2.4.2.2,2.497579,0.903822,0.0,0.0,0.0,2
2.4.2.21,48.54427,103.992979,0.965155,86.699621,84.399822,2
2.4.2.22,44.515737,109.67168,0.0,63.395057,81.000772,2
2.4.2.28,0.0,0.659265,0.0,0.0,1.49035,2
2.4.2.29,90.395736,163.968039,0.0,128.734558,172.215877,2
2.4.2.3,6.993298,11.851375,0.548086,18.010843,16.173144,2
2.4.2.31,0.0,1.17534,0.0,0.0,1.32743,2
2.4.2.4,2.855184,0.0,0.0,0.0,0.0,2
2.4.2.43,29.53221,51.36443,0.0,61.6731,25.844401,2
2.4.2.48,0.0,0.0,0.0,0.0,0.998819,2
2.4.2.52,6.388738,0.0,0.0,0.0,0.843237,2
2.4.2.53,19.983877,46.558075,0.0,93.653721,18.141937,2
2.4.2.57,0.0,0.763432,0.0,0.0,0.94077,2
2.4.2.7,58.476908,118.528217,0.0,136.182347,110.430125,2
2.4.2.8,84.860687,181.046428,0.88782,139.925109,167.73789,2
2.4.2.9,57.28325,40.742458,0.62659,52.04639,70.211105,2
2.4.99.12,4.531561,28.9619,0.0,17.4419,21.740106,2
2.4.99.13,0.194651,0.0,0.0,0.0,0.0,2
2.4.99.16,0.0,1.20334,0.0,0.0,0.0,2
2.4.99.17,140.107117,293.181916,0.417579,230.398687,259.538796,2
2.5.1.1,5.61975,35.2866,0.0,18.031,23.3152,2
2.5.1.10,25.447746,79.784957,0.0,66.431276,43.003881,2
2.5.1.101,2.515838,0.0,0.0,22.7285,3.83253,2
2.5.1.108,0.0,0.0,0.0,0.0,1.11985,2
2.5.1.120,0.950957,6.31028,0.0,0.0,1.02681,2
2.5.1.129,2.326667,13.291904,0.0,0.0,10.340905,2
2.5.1.145,2.62632,6.654923,0.0,49.2721,2.4058,2
2.5.1.15,45.835181,80.560428,0.0,79.074174,76.621029,2
2.5.1.16,14.622561,12.484508,0.0,24.346545,11.934684,2
2.5.1.17,62.446525,171.536871,1.2424,125.91426,117.60977,2
2.5.1.18,2.961316,0.0,0.0,0.0,0.0,2
2.5.1.19,70.45251,151.686751,0.0,95.515535,140.497417,2
2.5.1.29,6.96626,35.2866,0.0,18.031,25.290959,2
2.5.1.3,65.448463,121.949876,0.486376,124.070492,150.332348,2
2.5.1.30,0.732458,1.96397,0.0,0.661003,0.826016,2
2.5.1.31,1.174464,0.0,0.0,5.37568,1.466548,2
2.5.1.41,0.0,0.0,0.0,0.0,0.923248,2
2.5.1.46,0.0,0.0,0.0,0.0,0.699745,2
2.5.1.47,117.13273,173.102269,0.0,198.433447,180.951783,2
2.5.1.48,2.855255,1.81813,0.0,2.020675,0.265419,2
2.5.1.49,10.434814,19.81407,0.0,32.535143,24.324499,2
2.5.1.54,73.773213,38.234208,0.0,31.7812,65.169549,2
2.5.1.55,71.821607,113.679077,0.0,85.03149,103.742179,2
2.5.1.56,4.863468,31.3497,0.0,0.0,18.8279,2
2.5.1.6,88.247254,152.141884,0.859018,120.921272,135.067564,2
2.5.1.61,11.153119,5.398241,0.0,13.067128,20.23599,2
2.5.1.64,0.784786,0.0,0.0,0.0,0.0,2
2.5.1.7,94.95784,158.190503,0.0,125.176019,166.308086,2
2.5.1.72,69.992255,155.601227,0.771553,113.088509,143.461416,2
2.5.1.74,88.633369,174.330881,1.88052,122.60564,148.411532,2
2.5.1.75,121.987525,267.781367,0.0,217.134167,245.362345,2
2.5.1.76,0.0,1.96991,0.0,0.0,3.46519,2
2.5.1.78,79.799577,156.988327,0.0,115.989641,146.568235,2
2.5.1.84,10.8541,23.3316,0.0,14.2873,0.71873,2
2.5.1.89,0.0,0.659157,0.0,0.0,1.74288,2
2.5.1.9,28.365085,76.157797,0.0,53.211899,43.607794,2
2.5.1.90,44.639885,79.611458,0.0,66.171,73.12416,2
2.5.1.94,1.16402,0.0,0.0,0.0,0.0,2
2.5.1.97,0.0,0.0,0.0,0.727233,3.52106,2
2.6.1.1,58.115804,172.563994,0.0,133.077884,127.530211,2
2.6.1.100,0.0,0.0,0.0,0.780173,0.0,2
2.6.1.11,30.757476,20.131347,0.0,31.701881,31.851139,2
2.6.1.13,6.888735,26.87262,0.0,16.54698,22.96587,2
2.6.1.16,72.183443,148.75864,0.0,119.603039,112.148111,2
2.6.1.17,0.525964,1.20018,0.0,0.0,0.0,2
2.6.1.19,1.036029,1.19588,0.0,0.0,2.72279,2
2.6.1.2,1.436468,1.803123,0.0,0.0,0.5827,2
2.6.1.21,1.94123,1.02409,0.0,3.254511,0.0,2
2.6.1.22,0.105052,0.0,0.0,0.0,0.0,2
2.6.1.37,23.452641,112.918842,0.0,115.343332,82.368401,2
2.6.1.39,3.50036,5.31806,0.0,0.0,10.06925,2
2.6.1.42,50.064437,153.392819,0.0,102.057467,91.849471,2
2.6.1.5,0.621561,0.0,0.0,0.0,0.0,2
2.6.1.50,0.0,0.826534,0.0,0.0,0.0,2
2.6.1.51,0.0,1.25021,0.0,0.0,0.0,2
2.6.1.52,84.675506,170.840533,0.0,97.727902,152.509235,2
2.6.1.57,0.365538,0.0,0.0,0.0,0.0,2
2.6.1.59,0.0,0.678868,0.0,0.64117,0.0,2
2.6.1.62,48.977983,95.04098,0.67556,107.00841,79.430939,2
2.6.1.66,0.21778,0.0,0.0,0.0,0.0,2
2.6.1.76,0.328786,0.937097,0.0,0.0,0.0,2
2.6.1.77,1.01541,0.0,0.0,0.0,0.0,2
2.6.1.81,1.080122,0.0,0.0,0.0,0.0,2
2.6.1.82,1.503461,0.0,0.0,0.0,0.0,2
2.6.1.83,42.405514,115.435683,0.0,96.24383,107.083307,2
2.6.1.85,24.579171,72.861839,0.0,60.038926,60.156193,2
2.6.1.87,24.404151,71.628158,0.0,222.630684,106.1695,2
2.6.1.88,1.038665,0.0,0.0,0.0,0.0,2
2.6.1.9,84.045124,152.676282,0.0,140.454621,158.124788,2
2.6.1.90,0.0,0.0,0.0,0.0,8.67939,2
2.6.1.92,21.33318,22.65372,0.0,27.89627,28.35474,2
2.6.99.2,59.82353,139.904642,0.741478,112.01547,129.309399,2
2.7.1.1,0.0,0.0,0.0,0.412938,0.0,2
2.7.1.100,1.502998,0.794861,0.0,2.498795,3.27045,2
2.7.1.105,1.743584,1.10231,0.0,0.0,0.0,2
2.7.1.107,8.511618,18.087741,0.5396,48.060288,19.328094,2
2.7.1.11,163.765472,443.485999,0.461448,278.066062,366.137594,2
2.7.1.113,0.0,0.0,0.0,0.0,0.715824,2
2.7.1.12,3.336607,1.812607,0.0,0.0,0.0,2
2.7.1.121,0.168718,0.0,0.0,0.0,0.0,2
2.7.1.130,71.796418,153.595859,0.439974,109.75267,144.808365,2
2.7.1.144,14.114172,7.655033,0.487646,8.612823,14.241794,2
2.7.1.148,79.587029,132.413418,0.62545,96.446596,130.136544,2
2.7.1.15,64.354718,118.978202,0.0,141.898479,92.091925,2
2.7.1.156,15.989661,13.844729,0.0,28.962271,29.152482,2
2.7.1.16,50.237476,43.55363,0.0,43.5232,37.227498,2
2.7.1.162,0.440438,0.0,0.0,0.0,0.0,2
2.7.1.165,1.59482,0.0,0.0,23.0025,2.30693,2
2.7.1.167,31.113462,29.242808,0.0,42.29514,36.380868,2
2.7.1.168,0.0,0.0,0.0,14.9183,0.0,2
2.7.1.17,13.85619,25.09521,0.0,42.683719,21.176605,2
2.7.1.170,21.802757,15.5099,0.0,40.62327,26.64736,2
2.7.1.180,108.236816,230.751335,0.664903,213.344821,206.221338,2
2.7.1.19,1.211835,0.0,0.0,0.0,0.0,2
2.7.1.191,22.813293,54.5397,0.0,45.4655,66.3388,2
2.7.1.196,0.11672,0.0,0.0,0.0,0.0,2
2.7.1.197,0.089461,0.0,0.0,0.0,0.0,2
2.7.1.2,30.414907,35.366739,0.395382,62.9688,36.180511,2
2.7.1.202,1.065024,0.0,0.0,0.0,0.0,2
2.7.1.208,0.132823,0.0,0.0,0.0,0.0,2
2.7.1.21,72.961194,157.585764,1.134185,111.750966,138.606945,2
2.7.1.22,2.977022,9.3917,0.0,10.82946,4.84451,2
2.7.1.23,77.60675,151.173694,0.446787,129.719905,142.944873,2
2.7.1.24,74.583296,155.583251,0.0,102.518361,130.704847,2
2.7.1.25,30.678697,90.09521,0.562659,82.51894,77.963487,2
2.7.1.26,72.023414,128.786823,0.513965,133.451076,133.204949,2
2.7.1.30,60.80636,45.799856,0.0,56.113901,82.577467,2
2.7.1.31,30.633229,42.04516,0.0,47.8659,23.158642,2
2.7.1.33,100.919188,159.879309,0.0,127.555793,153.505793,2
2.7.1.35,45.665876,98.396675,0.430269,102.636004,104.018215,2
2.7.1.36,0.0,0.0,0.0,0.0,0.441625,2
2.7.1.39,32.207492,12.210042,0.0,18.959186,20.876957,2
2.7.1.4,10.536228,35.10292,0.0,8.22405,17.841494,2
2.7.1.40,86.32888,177.216597,0.0,141.44241,176.800097,2
2.7.1.45,13.235791,36.25654,0.0,1.226308,5.198687,2
2.7.1.48,76.955926,163.74922,0.653421,121.085159,137.717557,2
2.7.1.49,36.117487,71.343513,1.026366,96.1822,71.799061,2
2.7.1.5,42.285753,22.908129,0.0,89.3236,63.287625,2
2.7.1.50,20.026687,11.852019,0.0,18.752981,25.477909,2
2.7.1.51,8.105877,7.920229,0.772504,3.32961,12.171197,2
2.7.1.53,1.793936,0.0,0.0,0.31477,0.0,2
2.7.1.55,0.745764,0.0,0.0,0.0,0.0,2
2.7.1.56,0.620778,0.0,0.0,0.0,0.0,2
2.7.1.58,1.12601,0.0,0.0,0.0,0.0,2
2.7.1.59,1.498116,36.7703,0.0,0.0,36.107431,2
2.7.1.6,4.038848,10.792474,0.0,7.478824,9.84661,2
2.7.1.60,0.0,0.0,0.0,0.0,0.29478,2
2.7.1.63,0.0,0.788376,0.0,0.0,0.0,2
2.7.1.66,31.0011,47.3273,0.0,52.564,42.094285,2
2.7.1.69,17.868407,29.933533,0.0,31.813476,19.150008,2
2.7.1.71,86.129442,151.014242,0.0,131.973621,168.203401,2
2.7.1.73,1.307458,0.0,0.0,0.0,0.0,2
2.7.1.74,0.0,0.531969,0.0,0.0,0.0,2
2.7.1.83,3.799846,1.142285,0.0,1.837246,1.4543,2
2.7.1.85,19.3505,9.380726,0.0,0.514646,8.445461,2
2.7.1.89,0.614704,0.0,0.0,1.37269,0.0,2
2.7.1.90,59.925621,132.399752,0.0,121.6421,140.224194,2
2.7.1.92,14.794121,29.731382,0.0,27.6212,31.484703,2
2.7.1.95,0.0,0.0,0.0,1.4353,3.24287,2
2.7.10.1,1.31337,0.0,0.0,0.0,1.47992,2
2.7.10.2,19.472174,87.380592,0.824197,84.448288,64.077546,2
2.7.11.1,122.627538,85.821067,0.0,350.419046,251.461645,2
2.7.11.32,6.905816,0.0,0.0,0.0,0.345321,2
2.7.11.33,0.145684,0.0,0.0,0.0,0.0,2
2.7.11.5,0.476884,0.0,0.0,0.223543,0.0,2
2.7.13.3,1252.827623,1906.678164,1.31735,2770.064314,2292.894236,2
2.7.14.1,4.197866,3.84739,0.0,4.67524,13.989814,2
2.7.2.1,82.750119,152.069694,0.479164,118.994083,168.981692,2
2.7.2.11,77.228695,126.292837,0.0,132.414823,126.284815,2
2.7.2.15,2.78983,0.0,0.0,0.0,0.0,2
2.7.2.2,6.240655,0.31334,0.0,0.0,0.757312,2
2.7.2.3,81.384625,145.463193,1.993115,124.543246,161.345652,2
2.7.2.4,134.485763,266.248643,0.0,159.856303,197.852899,2
2.7.2.7,67.329828,125.321991,0.0,87.698448,101.440589,2
2.7.2.8,86.643821,141.027414,0.437234,112.189884,146.88841,2
2.7.3.3,0.0,0.0,0.0,0.0,0.466763,2
2.7.3.9,41.709493,21.504832,0.0,26.974701,50.947,2
2.7.4.1,66.487718,152.442729,0.0,130.18749,137.731742,2
2.7.4.14,0.570185,1.25546,0.0,1.817634,0.56802,2
2.7.4.16,79.684208,176.120699,0.561333,106.78691,151.480082,2
2.7.4.22,94.556506,146.92005,0.0,127.875793,165.784242,2
2.7.4.23,1.371073,0.0,0.0,0.0,0.0,2
2.7.4.25,93.992083,153.342038,0.0,103.196253,148.992072,2
2.7.4.26,0.0,0.545228,0.0,0.0,1.20457,2
2.7.4.27,6.905816,0.0,0.0,0.0,0.345321,2
2.7.4.28,0.145684,0.0,0.0,0.0,0.0,2
2.7.4.3,80.173311,161.897912,0.706321,124.121204,185.794902,2
2.7.4.6,14.418191,54.124606,0.0,76.22724,62.155262,2
2.7.4.7,32.420707,59.679678,1.026366,41.77897,45.038217,2
2.7.4.8,82.587962,142.185278,0.0,116.392546,145.746624,2
2.7.4.9,32.760155,28.196352,0.0,29.109192,44.544327,2
2.7.6.1,70.686862,129.255586,0.696052,122.027182,137.216891,2
2.7.6.2,48.994203,125.622901,0.0,74.87107,75.558806,2
2.7.6.3,35.213346,108.58354,0.0,112.26529,91.795418,2
2.7.6.5,14.424873,11.780741,0.0,6.796639,25.209304,2
2.7.7.1,1.10161,0.0,0.0,0.0,1.00616,2
2.7.7.10,0.0,1.15694,0.0,0.0,0.0,2
2.7.7.12,9.421676,9.016722,0.0,10.477786,18.259649,2
2.7.7.13,24.266617,98.37893,1.00007,44.5578,54.056772,2
2.7.7.18,78.207322,149.651371,0.0,123.010598,141.906174,2
2.7.7.19,2.683447,1.80682,0.0,0.0,1.562168,2
2.7.7.2,72.023414,128.786823,0.513965,133.451076,134.644749,2
2.7.7.21,0.0,0.0,0.0,0.0,0.438328,2
2.7.7.22,21.001308,52.68054,0.0,44.9365,62.83522,2
2.7.7.23,13.933495,5.146919,0.0,13.442786,7.183679,2
2.7.7.24,133.363385,193.63134,0.0,220.094186,173.013909,2
2.7.7.25,0.0,0.0,0.0,0.0,0.438328,2
2.7.7.27,26.273502,28.689089,0.0,35.993865,44.627431,2
2.7.7.3,85.346489,166.584476,0.0,140.333308,155.784381,2
2.7.7.33,11.578459,10.41115,0.0,103.505647,17.26898,2
2.7.7.38,74.185552,139.362739,0.0,98.36247,112.733033,2
2.7.7.39,0.829937,12.1268,0.0,0.0,11.599721,2
2.7.7.4,88.218257,239.90711,0.0,173.140891,229.624882,2
2.7.7.40,0.0,0.914275,0.0,0.0,1.112657,2
2.7.7.41,73.063368,142.898538,0.399784,140.115627,128.29376,2
2.7.7.42,1.075745,0.0,0.0,0.0,0.0,2
2.7.7.43,1.108455,0.0,0.0,0.0,0.0,2
2.7.7.48,0.478525,0.0,0.0,0.0,0.0,2
2.7.7.49,64.163871,133.05224,36.366324,63.18216,165.89825,2
2.7.7.56,11.40836,5.747667,0.0,23.336194,21.145445,2
2.7.7.58,0.29505,0.0,0.0,0.0,0.0,2
2.7.7.59,2.15065,0.0,0.0,0.0,0.0,2
2.7.7.6,330.078886,604.251857,1.381519,420.013291,627.258724,2
2.7.7.60,89.265165,148.607584,0.0,174.532752,168.525748,2
2.7.7.62,15.756924,12.90852,0.0,24.2108,29.152482,2
2.7.7.63,3.30483,13.490746,0.0,0.0,21.58281,2
2.7.7.65,15.565456,1.39496,0.0,9.25852,6.083251,2
2.7.7.67,0.0,1.96477,0.0,0.0,1.10706,2
2.7.7.7,431.821373,796.78893,3.838651,660.415369,725.308114,2
2.7.7.70,31.113462,29.242808,0.0,42.29514,36.380868,2
2.7.7.71,1.22094,0.0,0.0,21.6842,1.89755,2
2.7.7.72,10.780838,12.171716,0.0,11.52665,25.875495,2
2.7.7.73,0.828401,0.0,0.0,0.0,0.0,2
2.7.7.75,3.345871,1.37209,0.0,5.657874,0.936661,2
2.7.7.76,1.02551,0.0,0.0,0.0,0.0,2
2.7.7.77,4.235897,0.0,0.0,0.283719,0.214022,2
2.7.7.8,91.75449,165.034684,0.99666,131.497573,166.009822,2
2.7.7.80,2.026263,1.29173,0.0,0.972403,0.0,2
2.7.7.81,19.0472,25.3381,0.0,27.0017,29.4933,2
2.7.7.85,85.450414,156.930151,0.0,120.382215,151.032177,2
2.7.7.87,23.353611,22.294553,0.0,55.96224,40.935026,2
2.7.7.9,11.13958,2.56403,0.0,5.291495,2.377228,2
2.7.7.n1,2.479811,0.0,0.0,0.0,0.0,2
2.7.8.11,15.24195,48.454967,0.0,22.403,13.86731,2
2.7.8.12,2.844837,4.512996,0.0,15.45336,19.293074,2
2.7.8.13,85.949901,160.367654,0.703528,134.907837,150.735643,2
2.7.8.20,2.342656,0.0,0.0,0.0,0.0,2
2.7.8.26,42.972974,93.394105,0.700746,71.535525,85.053389,2
2.7.8.31,12.217096,35.80538,0.0,17.3821,15.37989,2
2.7.8.33,22.251062,34.006669,0.0,94.367038,36.901716,2
2.7.8.36,0.0,0.0,0.0,0.0,0.334273,2
2.7.8.37,2.359821,0.0,0.0,0.0,0.0,2
2.7.8.40,3.28579,0.0,0.0,3.69738,0.0,2
2.7.8.5,10.521913,12.372864,0.0,14.36575,11.337612,2
2.7.8.6,18.125081,21.283177,0.922708,50.73364,23.392579,2
2.7.8.7,25.08634,9.228026,0.0,15.54507,13.555676,2
2.7.8.8,39.236424,88.21443,0.0,72.9446,43.335395,2
2.7.9.1,78.947479,126.69504,1.507291,111.228067,145.340886,2
2.7.9.2,30.254624,27.15077,0.0,58.4055,26.668841,2
2.7.9.3,6.642821,6.291309,0.0,10.430496,13.43256,2
2.8.1.1,8.206662,12.790879,0.0,27.323209,11.39819,2
2.8.1.10,47.009988,101.581847,0.0,79.641511,70.449,2
2.8.1.13,162.23487,350.270063,0.0,314.577485,343.060979,2
2.8.1.2,1.614703,0.0,0.0,0.0,0.0,2
2.8.1.4,12.043038,7.445652,0.0,6.926213,23.978396,2
2.8.1.6,50.219071,110.186788,0.0,130.527392,102.389171,2
2.8.1.7,104.549688,172.794011,0.0,161.559238,177.266911,2
2.8.1.8,75.002632,157.182072,1.31887,118.1492,135.298074,2
2.8.2.22,1.134338,0.0,0.0,0.0,0.0,2
2.8.3.10,12.406381,0.0,0.0,1.229903,3.407068,2
2.8.3.11,0.0,0.548513,0.0,0.0,0.0,2
2.8.3.12,13.163428,0.0,0.0,0.0,0.0,2
2.8.3.16,3.268498,0.0,0.0,0.321976,0.761145,2
2.8.3.8,3.281695,2.232592,0.0,6.899169,0.689609,2
2.8.3.9,2.532245,0.0,0.0,3.255265,0.0,2
2.8.4.1,0.0,2.855162,0.0,0.0,1.951071,2
2.8.4.3,80.702343,136.840186,1.02502,118.590285,142.148809,2
2.8.4.4,81.812709,149.095611,0.0,109.057503,139.896167,2
2.9.1.1,3.315709,1.82874,0.0,0.996144,2.22186,2
3.1.1.1,3.100677,4.93229,0.0,22.4104,4.82822,3
3.1.1.10,1.50367,0.0,0.0,1.414134,0.0,3
3.1.1.11,61.466287,223.29917,0.0,106.284681,114.906168,3
3.1.1.2,0.407363,2.19486,0.0,1.45512,0.70135,3
3.1.1.23,1.33535,0.989885,0.0,0.520378,0.0,3
3.1.1.24,0.0,0.0,0.0,0.0,1.0312,3
3.1.1.27,0.0,0.0,0.0,0.419066,0.0,3
3.1.1.29,86.753237,158.018053,0.0,121.225824,158.157761,3
3.1.1.3,47.295642,23.244564,0.0,28.5156,38.945321,3
3.1.1.31,47.968798,88.698909,0.0,127.3852,85.83785,3
3.1.1.32,1.838459,0.0,0.0,0.0,0.0,3
3.1.1.4,0.636929,0.0,0.0,0.0,0.0,3
3.1.1.41,24.131,30.061377,0.0,38.24745,39.20491,3
3.1.1.45,0.544062,0.0,0.0,0.0,0.0,3
3.1.1.47,1.01325,0.895241,1.16071,0.0,0.629671,3
3.1.1.5,2.325722,1.31283,0.0,0.735582,0.0,3
3.1.1.53,1.29843,8.04798,0.0,0.0,0.0,3
3.1.1.61,3.027937,5.416406,0.0,5.144547,7.600989,3
3.1.1.72,16.52948,33.016316,0.0,161.9033,42.122619,3
3.1.1.81,0.640418,0.0,0.0,3.309265,0.0,3
3.1.1.83,0.0,0.6177,0.0,5.53861,0.0,3
3.1.1.84,0.0,1.732152,0.0,0.0,0.0,3
3.1.1.85,2.023949,0.0,0.0,1.20822,27.1745,3
3.1.1.96,67.212675,109.484166,0.559299,128.040583,149.658168,3
3.1.11.1,2.178725,0.660415,0.692818,0.0,1.791933,3
3.1.11.2,49.462908,101.699897,0.0,74.465963,65.419834,3
3.1.11.3,0.050873,0.0,0.0,0.0,0.0,3
3.1.11.5,17.919598,23.11656,0.0,27.99442,15.323839,3
3.1.11.6,159.311515,324.269858,0.0,200.963904,312.352433,3
3.1.12.1,4.311292,8.642363,0.0,3.957862,27.793623,3
3.1.13.1,78.064702,141.779614,0.0,99.559119,132.549225,3
3.1.13.5,1.09965,0.966514,0.0,0.0,0.0,3
3.1.2.12,3.15447,0.0,0.0,1.116045,0.0,3
3.1.2.28,0.138533,0.0,0.0,0.0,13.1942,3
3.1.2.6,1.843326,0.0,0.0,0.0,1.227437,3
3.1.21.1,0.569984,0.0,0.0,0.0,0.0,3
3.1.21.2,77.364263,143.93834,0.49771,107.16367,125.249096,3
3.1.21.3,142.260736,250.572058,0.0,114.906189,313.562288,3
3.1.21.4,29.150646,58.628219,0.0,51.05437,67.565732,3
3.1.21.7,0.393392,0.0,0.444163,0.0,0.0,3
3.1.22.4,106.956681,141.635691,0.606841,128.976459,169.971822,3
3.1.26.11,64.612469,133.515239,0.692477,94.653633,122.227263,3
3.1.26.12,2.206044,0.451439,0.0,0.0,1.13682,3
3.1.26.3,107.195056,180.246531,0.826884,151.05847,174.536298,3
3.1.26.4,148.637942,329.70531,1.352984,191.064465,250.021122,3
3.1.26.5,83.9152,163.588213,0.0,124.921295,137.423396,3
3.1.26.8,6.0256,0.554961,0.0,2.99788,1.261284,3
3.1.27.6,0.670272,0.0,0.524812,0.0,0.0,3
3.1.3.1,61.220835,49.042719,0.0,116.471532,60.86704,3
3.1.3.10,1.393769,0.0,0.0,0.0,0.0,3
3.1.3.103,1.92247,0.0,0.0,27.9576,4.17446,3
3.1.3.104,2.095221,8.08854,0.0,20.3046,2.20159,3
3.1.3.11,56.546777,152.430514,0.0,110.982481,108.509726,3
3.1.3.12,0.726763,0.0,0.0,0.0,1.43316,3
3.1.3.15,132.507181,229.410341,0.0,230.4507,165.962863,3
3.1.3.16,13.964268,20.495815,0.0,42.001366,49.038018,3
3.1.3.18,30.212387,39.265793,0.0,67.549529,37.003749,3
3.1.3.2,49.175294,132.44296,0.0,123.145,101.78218,3
3.1.3.22,0.157753,0.0,0.0,0.0,0.0,3
3.1.3.23,5.772598,1.630002,0.0,61.3887,12.31937,3
3.1.3.25,33.101957,99.562864,0.0,107.293745,111.869809,3
3.1.3.26,2.105536,0.0,0.0,0.0,0.0,3
3.1.3.27,24.477087,33.032,0.0,62.9666,33.330891,3
3.1.3.3,23.853479,42.591203,0.0,18.902282,25.073913,3
3.1.3.4,0.0,0.757406,0.0,0.0,0.0,3
3.1.3.41,0.0,2.44199,0.0,0.0,1.56023,3
3.1.3.45,29.405989,51.79173,0.0,76.25474,45.19766,3
3.1.3.46,0.0,1.10231,0.0,0.0,0.0,3
3.1.3.48,18.946872,79.488872,0.0,86.357482,71.755058,3
3.1.3.5,85.079473,203.481847,0.0,175.798456,181.038637,3
3.1.3.50,0.157753,0.0,0.0,0.0,0.0,3
3.1.3.6,1.622025,0.428114,0.0,1.92685,0.0,3
3.1.3.68,0.0,1.06515,0.0,0.0,0.0,3
3.1.3.7,58.251015,138.412592,0.0,82.17463,107.222138,3
3.1.3.71,0.0,5.55183,0.0,0.23138,4.64489,3
3.1.3.73,12.318855,6.413685,0.0,24.905072,15.614414,3
3.1.3.74,0.176146,0.0,0.0,0.0,0.0,3
3.1.3.83,2.15157,0.0,0.0,17.6205,1.48122,3
3.1.3.89,0.369179,0.0,0.0,0.0,0.0,3
3.1.31.1,0.16212,25.6226,0.0,0.0,0.0,3
3.1.4.14,0.659148,0.0,0.0,0.0,0.0,3
3.1.4.16,0.674108,1.5473,0.0,0.454584,0.0,3
3.1.4.17,0.388785,0.623088,0.0,0.0,0.0,3
3.1.4.4,0.0,0.0,0.0,18.9485,0.0,3
3.1.4.46,65.075319,65.257782,0.0,69.739,88.055974,3
3.1.4.52,22.513361,10.518369,0.0,8.969766,22.60213,3
3.1.4.53,1.530668,0.0,0.0,0.0,0.0,3
3.1.4.55,0.19535,0.0,0.0,0.0,0.0,3
3.1.4.58,2.704712,1.454327,0.0,0.761164,0.86179,3
3.1.5.1,15.732695,16.122972,0.0,22.672315,20.54102,3
3.1.6.1,148.242367,258.13175,0.0,875.481545,282.601394,3
3.1.6.6,28.92249,48.47459,0.511061,157.957497,76.135508,3
3.1.6.8,0.736464,0.0,0.0,0.0,0.0,3
3.1.7.2,0.0,0.0,1.120387,0.0,0.538855,3
3.1.8.1,0.909273,1.14741,0.0,0.934534,0.0,3
3.11.1.1,20.237067,108.781673,0.0,69.308131,80.676222,3
3.2.1.1,90.101196,145.266975,0.0,101.847652,112.689784,3
3.2.1.10,2.106799,8.167284,0.0,3.31337,6.45934,3
3.2.1.122,0.0,0.824816,0.0,0.0,0.0,3
3.2.1.129,0.113567,0.0,0.0,0.0,0.0,3
3.2.1.131,6.71788,38.02723,0.0,13.606,46.843414,3
3.2.1.135,5.233352,22.182874,0.0,38.841068,17.178929,3
3.2.1.136,21.41946,0.0,0.0,60.6669,35.51331,3
3.2.1.139,0.0,2.75908,0.0,0.0,4.62319,3
3.2.1.14,24.245536,50.43299,0.0,92.22619,51.80301,3
3.2.1.141,1.36982,3.98996,0.0,0.0,0.872521,3
3.2.1.15,20.133053,103.407572,0.0,42.76339,85.094659,3
3.2.1.151,0.0,16.28595,0.0,0.0,15.11414,3
3.2.1.156,0.0,2.82572,0.0,4.59074,30.625376,3
3.2.1.165,44.906193,146.490679,0.0,113.71815,113.876469,3
3.2.1.169,3.375722,12.237086,0.0,57.30678,7.45536,3
3.2.1.17,18.552647,22.18844,0.0,71.430463,47.316052,3
3.2.1.170,19.56286,27.049163,0.0,56.3634,27.964405,3
3.2.1.172,40.57864,107.66769,0.0,111.86221,118.746055,3
3.2.1.177,76.026352,125.572241,0.0,237.713035,160.90051,3
3.2.1.178,0.0,13.94087,0.0,0.0,0.0,3
3.2.1.179,60.434097,31.24021,0.0,56.11113,55.835977,3
3.2.1.18,9.885058,13.52703,0.0,102.287161,60.41079,3
3.2.1.180,1.33159,16.75588,0.0,27.8493,38.10383,3
3.2.1.183,4.23282,24.066,0.0,0.0,23.186,3
3.2.1.185,9.41257,40.48478,0.0,100.87288,43.67662,3
3.2.1.187,0.0,0.0,0.0,18.7764,0.0,3
3.2.1.196,0.146039,0.0,0.0,0.0,0.0,3
3.2.1.20,51.719227,30.63646,0.0,28.363,48.4537,3
3.2.1.21,157.857115,415.278839,0.0,515.376087,316.590551,3
3.2.1.22,348.369925,721.089916,0.0,847.753509,765.278958,3
3.2.1.23,576.583817,1162.983646,0.0,1571.520204,1193.508969,3
3.2.1.24,0.0,0.0,0.0,0.0,0.353919,3
3.2.1.25,27.277443,85.09836,0.0,29.4614,26.84623,3
3.2.1.26,24.250702,41.147807,0.0,35.09854,17.613073,3
3.2.1.28,3.79081,24.598451,0.0,21.5436,22.0411,3
3.2.1.3,3.65343,15.2369,0.0,26.2651,10.1094,3
3.2.1.31,61.22061,82.127494,0.0,110.22998,67.692772,3
3.2.1.32,0.0,0.0,0.0,0.0,14.98179,3
3.2.1.33,0.0,0.0,0.0,0.19835,0.0,3
3.2.1.37,77.369369,87.564753,0.0,189.189608,208.745593,3
3.2.1.39,0.0,1.17857,0.0,0.0,0.0,3
3.2.1.4,153.799206,165.246408,0.0,213.29054,211.176419,3
3.2.1.40,8.708816,33.22125,0.0,29.9447,41.75113,3
3.2.1.41,41.25022,72.41636,0.0,79.28977,47.254722,3
3.2.1.45,0.0,3.1749,0.0,0.0,0.95824,3
3.2.1.49,0.0,8.98758,0.0,55.72577,27.07228,3
3.2.1.50,11.339717,95.61387,0.0,30.69056,65.52735,3
3.2.1.51,23.870085,48.152265,0.0,96.84577,31.142653,3
3.2.1.52,261.276451,377.764593,0.0,527.334945,331.223872,3
3.2.1.54,51.721288,78.695004,0.0,105.959932,61.49392,3
3.2.1.55,149.135702,240.922778,0.0,380.14332,338.267607,3
3.2.1.6,2.86295,2.15882,0.0,0.0,4.14835,3
3.2.1.73,24.145046,32.54014,0.0,157.999432,47.432548,3
3.2.1.74,0.0,0.0,0.0,0.0,0.305738,3
3.2.1.78,33.76833,48.495894,0.0,85.94481,86.509694,3
3.2.1.8,38.108955,92.524913,0.0,110.31476,145.978565,3
3.2.1.80,39.23765,100.52304,0.0,82.16668,39.940089,3
3.2.1.81,0.0,6.54841,0.0,0.0,0.0,3
3.2.1.82,32.917044,101.666379,0.0,49.531477,102.178793,3
3.2.1.83,2.68503,6.301527,0.0,0.0,12.620617,3
3.2.1.85,0.537323,2.853319,0.0,0.0,0.0,3
3.2.1.86,7.00084,5.852892,0.0,4.756139,3.804259,3
3.2.1.89,34.88109,102.295438,0.0,86.64823,75.459115,3
3.2.1.91,23.5624,39.805149,0.0,14.07664,15.370953,3
3.2.1.93,1.085816,0.0,0.0,0.0,0.0,3
3.2.1.94,0.0,0.0,0.0,0.0,6.15484,3
3.2.1.96,86.0018,58.33371,0.0,146.715193,129.35056,3
3.2.1.98,0.693864,1.09361,0.0,0.0,0.0,3
3.2.1.99,42.365975,73.940004,0.0,78.84474,91.744554,3
3.2.1.n1,21.13238,55.421657,0.0,115.93139,68.27536,3
3.2.1.n2,14.78097,51.63215,0.0,63.11324,54.43996,3
3.2.2.1,0.0,1.53657,0.0,0.0,0.957307,3
3.2.2.15,4.211844,1.63341,0.0,4.46,2.79838,3
3.2.2.20,55.163756,52.81473,0.0,90.495319,94.11781,3
3.2.2.21,2.636441,0.0,0.0,2.79256,2.359954,3
3.2.2.23,26.265991,32.159882,0.0,51.12879,35.431692,3
3.2.2.24,0.0,0.0,0.0,0.0,8.903174,3
3.2.2.27,86.420264,196.728832,0.826733,143.056549,161.346504,3
3.2.2.28,0.722367,0.0,0.0,0.0,0.0,3
3.2.2.4,7.195854,28.23617,0.0,15.6618,39.96795,3
3.2.2.8,2.008169,0.590711,0.0,0.0,0.0,3
3.2.2.9,75.769152,141.301448,0.885732,124.080726,133.00184,3
3.2.2.n1,65.840386,166.394721,0.0,200.757427,131.619993,3
3.3.1.1,35.095478,63.907608,0.0,83.093899,69.743449,3
3.3.2.1,0.404864,0.0,0.44219,0.0,0.0,3
3.3.2.10,0.688891,0.0,0.0,0.0,1.70241,3
3.4.11.1,6.782505,0.580038,0.0,14.578743,1.789952,3
3.4.11.10,8.884643,30.731338,0.0,27.846043,19.662652,3
3.4.11.18,172.036465,325.829542,0.0,231.015966,306.263633,3
3.4.11.2,6.224796,17.79909,0.0,6.92576,10.90932,3
3.4.11.23,2.989067,0.0,0.0,0.0,0.0,3
3.4.11.24,14.167036,30.9869,0.0,0.0,1.9903,3
3.4.11.4,87.915726,155.38097,0.567175,116.675995,148.979754,3
3.4.11.5,0.0,0.450126,0.0,0.366607,0.781119,3
3.4.11.6,1.20206,5.092496,0.0,1.37904,4.047373,3
3.4.11.7,0.0,0.490033,0.0,0.0,0.0,3
3.4.11.9,12.507665,53.45747,0.0,36.99258,39.840973,3
3.4.13.18,25.610986,56.87899,0.0,76.778254,65.493895,3
3.4.13.19,0.0,0.639553,0.0,0.0,0.952237,3
3.4.13.20,3.547147,12.87197,0.789001,29.0113,9.08337,3
3.4.13.21,0.519275,26.577345,0.0,0.0,11.01927,3
3.4.13.22,28.795864,83.868559,0.0,117.033413,78.659144,3
3.4.13.3,0.0,2.52787,0.0,0.0,1.727795,3
3.4.13.9,15.265174,34.39719,1.01282,45.717069,9.302715,3
3.4.14.11,0.0,0.0,0.0,2.2588,0.0,3
3.4.14.12,116.191081,172.689291,0.0,215.51352,183.82886,3
3.4.14.4,1.14577,13.37014,0.0,2.52868,7.610498,3
3.4.14.5,19.425239,26.718167,0.0,28.1562,25.159,3
3.4.15.5,63.857685,133.653699,0.0,90.93288,95.012191,3
3.4.16.4,54.461621,102.781037,2.080072,85.164922,60.690005,3
3.4.17.11,0.698,0.0,0.0,0.0,0.0,3
3.4.17.13,40.017169,44.37165,0.0,31.199817,40.84743,3
3.4.17.14,26.029338,89.6288,0.0,8.241151,20.142551,3
3.4.17.19,3.03998,0.472529,0.0,1.856228,10.329937,3
3.4.19.11,16.433039,38.854543,0.0,10.342618,29.51423,3
3.4.19.12,2.46821,0.0,3.90996,0.0,0.0,3
3.4.19.3,16.64631,14.179028,0.0,0.8387,30.702474,3
3.4.19.5,1.827315,0.0,0.0,0.0,0.0,3
3.4.21.102,72.990474,111.439381,0.0,159.16596,138.281094,3
3.4.21.105,46.463866,84.610257,0.0,75.659512,43.017547,3
3.4.21.107,23.785648,37.92964,0.0,56.927506,35.270783,3
3.4.21.108,18.0908,21.10353,0.0,22.5978,22.1308,3
3.4.21.116,3.136866,1.17621,0.0,4.647178,1.928285,3
3.4.21.26,0.0,2.937863,0.0,0.0,1.34275,3
3.4.21.53,83.313734,143.513763,0.0,87.351625,136.004012,3
3.4.21.62,5.126479,3.277542,0.0,2.40396,4.29257,3
3.4.21.83,1.821158,0.797177,0.0,0.0,0.0,3
3.4.21.88,20.749774,20.115505,0.0,50.884986,30.717853,3
3.4.21.89,177.288162,427.36436,0.0,369.725212,434.936129,3
3.4.21.92,107.572858,192.262956,0.512988,152.243334,190.671039,3
3.4.22.10,2.98415,13.443286,0.0,20.9222,21.67874,3
3.4.22.37,0.0,0.0,0.0,0.0,3.68474,3
3.4.22.40,0.531776,1.47423,0.0,0.0,0.0,3
3.4.22.71,0.0,3.349899,0.0,0.564049,1.097512,3
3.4.22.8,37.5882,29.518905,0.0,49.76277,32.707,3
3.4.23.36,87.813382,157.252407,0.875111,113.515467,183.837762,3
3.4.23.43,6.153957,1.497779,0.0,3.027718,9.494234,3
3.4.23.49,0.7407,0.0,0.0,0.0,0.0,3
3.4.23.50,1.889584,0.0,1.27757,0.0,0.0,3
3.4.23.51,2.55182,0.793297,0.0,0.0,0.0,3
3.4.24.55,20.490384,14.648666,0.360102,33.900722,29.067262,3
3.4.24.64,0.0,1.74648,0.0,0.0,0.0,3
3.4.24.70,14.306658,33.0496,0.0,18.354,1.40418,3
3.4.24.71,37.29533,84.244246,0.750229,50.55467,43.28833,3
3.4.24.75,17.881359,25.148593,0.0,38.7769,21.469161,3
3.4.24.78,9.8919,3.594881,0.0,11.592771,21.535662,3
3.4.24.84,0.0,0.508445,0.0,0.0,0.0,3
3.4.25.1,0.0,2.81676,0.0,0.0,2.16669,3
3.4.25.2,6.079089,1.312686,0.0,2.27792,1.07788,3
3.5.1.1,38.24965,94.238246,0.412088,98.311394,79.555029,3
3.5.1.10,45.453201,105.1847,0.0,73.847474,72.11821,3
3.5.1.100,30.52288,88.419227,0.0,86.761061,56.84047,3
3.5.1.104,36.55463,72.06372,0.0,62.778,36.46763,3
3.5.1.105,0.431902,0.0,0.0,0.0,0.0,3
3.5.1.108,69.492455,134.511494,0.546567,114.21001,121.002789,3
3.5.1.11,1.742638,3.720058,0.0,1.818273,2.11738,3
3.5.1.110,0.249889,0.0,0.0,0.0,0.0,3
3.5.1.124,0.177298,0.0,0.0,0.0,0.0,3
3.5.1.14,0.436159,1.41802,0.0,0.0,0.917429,3
3.5.1.16,40.062667,26.47133,0.0,29.363373,38.81155,3
3.5.1.18,6.663591,32.878379,0.0,18.654797,37.282304,3
3.5.1.19,1.471378,0.0,0.0,0.0,0.0,3
3.5.1.2,166.620371,351.185712,0.427671,223.809209,332.091302,3
3.5.1.23,0.0,0.0,0.0,0.0,29.7041,3
3.5.1.24,42.260267,39.867799,0.0,118.820742,71.079723,3
3.5.1.25,44.02636,133.749667,0.0,109.345649,88.764125,3
3.5.1.28,83.049236,128.142829,0.994969,140.437176,182.753181,3
3.5.1.32,0.0,2.261967,0.0,0.0,0.608117,3
3.5.1.44,4.011673,3.422678,0.0,9.98574,10.722352,3
3.5.1.46,0.610033,1.99,0.0,0.0,11.571529,3
3.5.1.47,0.767858,3.366202,0.0,0.97921,0.0,3
3.5.1.5,7.157637,27.320031,0.0,0.0,22.189302,3
3.5.1.53,0.449157,3.94792,0.417478,0.0,1.22685,3
3.5.1.54,0.753308,0.964668,0.0,0.0,0.0,3
3.5.1.59,0.0,0.0,0.0,0.0,0.439997,3
3.5.1.77,7.038649,31.76527,0.0,16.13401,19.993486,3
3.5.1.78,1.555957,0.0,0.0,0.0,0.0,3
3.5.1.81,0.661211,0.0,0.0,0.231657,0.0,3
3.5.1.87,0.69649,2.589888,0.0,0.744401,1.53005,3
3.5.1.88,95.813279,169.441305,1.913071,124.168221,201.438149,3
3.5.1.9,3.199204,0.266792,0.0,0.778731,0.0,3
3.5.1.91,2.858687,2.578436,0.0,6.1749,1.21998,3
3.5.1.94,1.04591,3.47032,0.0,0.0,3.67986,3
3.5.1.96,0.605834,0.0,0.0,0.0,0.0,3
3.5.2.10,0.0,0.430027,0.0,1.384073,0.0,3
3.5.2.2,0.719314,3.161072,0.0,0.0,3.41563,3
3.5.2.3,93.098459,159.340644,0.664055,108.526233,163.397512,3
3.5.2.5,1.14981,0.0,0.0,0.460138,0.206923,3
3.5.2.6,94.803374,331.523146,0.0,178.680149,117.005785,3
3.5.2.7,58.642338,125.182398,0.646283,85.763604,114.125392,3
3.5.2.9,8.84658,7.135038,0.0,2.019791,7.61094,3
3.5.3.1,34.48606,107.43989,0.0,40.54214,43.14002,3
3.5.3.11,25.836527,5.4315,0.0,5.009084,21.689652,3
3.5.3.12,9.49609,41.747271,0.602333,13.7517,20.106315,3
3.5.3.18,4.60021,37.8178,0.0,17.139,24.4184,3
3.5.3.22,0.0,1.07331,0.0,0.0,0.0,3
3.5.3.23,1.620227,0.0,0.0,0.0,0.0,3
3.5.3.6,2.620852,5.009084,0.0,0.961254,10.10225,3
3.5.3.7,0.608095,0.0,0.0,2.379052,0.0,3
3.5.3.8,0.393115,2.94102,0.0,0.0,6.54525,3
3.5.4.1,1.268138,0.0,0.0,0.0,0.307979,3
3.5.4.10,68.356345,152.442042,0.0,100.30715,121.992349,3
3.5.4.12,4.84483,43.29497,0.0,17.9883,39.502125,3
3.5.4.13,0.190917,0.0,0.530765,0.0,1.39141,3
3.5.4.16,100.71,210.346666,0.0,130.671659,153.71197,3
3.5.4.19,80.905849,127.168129,0.0,102.778019,129.540008,3
3.5.4.2,16.9937,19.048936,0.0,25.107351,21.441613,3
3.5.4.25,84.093007,135.593901,0.728776,142.644148,135.751349,3
3.5.4.26,57.483713,119.801878,0.528116,123.710827,117.584254,3
3.5.4.28,29.229055,41.607809,1.14454,3.594461,29.69814,3
3.5.4.3,2.099861,13.149386,0.0,3.388244,0.233168,3
3.5.4.30,4.855229,5.028116,0.0,1.7566,0.46894,3
3.5.4.31,27.815369,40.23357,1.14454,2.237561,29.69814,3
3.5.4.33,82.556102,163.84729,0.0,144.56439,146.048226,3
3.5.4.39,0.0,0.528408,0.0,0.0,0.776381,3
3.5.4.4,0.440975,0.0,0.0,0.0,0.0,3
3.5.4.42,0.685953,0.0,0.0,0.0,0.0,3
3.5.4.43,0.0,0.0,0.0,0.0,2.011754,3
3.5.4.5,63.85333,102.052851,1.22714,105.291941,110.301119,3
3.5.4.9,111.857958,192.218982,0.586398,191.970445,168.505563,3
3.5.99.2,0.498311,1.003617,0.0,1.173108,6.37045,3
3.5.99.3,1.591109,1.277002,0.0,2.344598,0.0,3
3.5.99.5,0.0,0.0,0.0,0.0,3.70743,3
3.5.99.6,137.212817,228.217166,0.0,221.945729,242.932903,3
3.5.99.7,0.745108,0.0,0.0,0.0,0.0,3
3.6.1.1,25.834769,59.976156,0.0,98.223326,62.059386,3
3.6.1.11,4.148457,1.27045,0.0,0.0,17.8289,3
3.6.1.13,7.271776,7.189697,0.0,37.466801,6.906254,3
3.6.1.15,0.644306,4.1639,0.0,0.0,4.394023,3
3.6.1.17,0.0,0.0,0.0,0.0,0.231914,3
3.6.1.22,27.337331,27.520099,0.0,63.623308,42.171916,3
3.6.1.23,69.088552,117.812891,1.04062,129.735492,130.977636,3
3.6.1.26,0.851492,0.0,0.0,0.0,0.0,3
3.6.1.27,87.930507,179.88929,0.0,141.254378,171.58705,3
3.6.1.3,8.842902,2.889836,0.0,7.415533,12.567815,3
3.6.1.31,75.919116,125.585591,0.0,93.394214,111.998699,3
3.6.1.40,0.442721,4.558572,0.0,13.1441,6.52143,3
3.6.1.41,0.519993,0.0,0.0,0.0,0.0,3
3.6.1.45,3.922998,0.0,0.0,0.0,0.0,3
3.6.1.54,22.742211,30.579,0.0,29.6087,30.217753,3
3.6.1.55,2.841406,1.810008,0.0,14.511962,5.911594,3
3.6.1.57,0.0,0.0,0.0,1.36518,1.68409,3
3.6.1.66,59.672112,122.827955,0.909595,87.122471,127.939613,3
3.6.1.7,9.702452,13.378682,0.0,10.855695,11.667487,3
3.6.1.8,0.669947,1.455276,0.0,2.445888,0.535081,3
3.6.1.9,0.264415,0.0,0.0,0.0,0.0,3
3.6.3.12,147.177738,207.603529,0.0,137.167978,146.219039,3
3.6.3.14,42.047253,113.593573,0.625845,77.488126,103.943215,3
3.6.3.15,0.803398,1.70685,0.413549,0.0,1.955195,3
3.6.3.16,2.71339,3.64267,0.0,15.7482,3.21281,3
3.6.3.17,22.430062,13.72595,1.16419,21.710873,13.879983,3
3.6.3.19,2.2985,0.0,0.0,0.358187,0.0,3
3.6.3.2,3.348933,5.060636,0.0,44.81295,11.941012,3
3.6.3.20,12.68985,4.892398,0.0,13.167202,12.350352,3
3.6.3.21,0.427675,1.902294,0.0,0.692601,3.061575,3
3.6.3.23,1.33823,0.0,0.0,0.0,2.2549,3
3.6.3.24,0.87583,0.459922,0.0,0.0,0.0,3
3.6.3.25,23.058907,30.798133,0.0,54.454693,31.950604,3
3.6.3.27,1.799873,0.0,0.0,0.0,0.0,3
3.6.3.28,1.051061,6.111995,0.0,3.146009,16.21713,3
3.6.3.29,1.435602,0.41685,0.0,0.0,0.343085,3
3.6.3.3,66.590473,73.439123,0.0,68.510749,32.510756,3
3.6.3.30,3.907568,2.366379,0.532068,5.061252,3.833595,3
3.6.3.31,58.846748,113.039625,0.0,103.024219,118.395296,3
3.6.3.34,10.357962,68.04503,0.0,24.83467,65.110231,3
3.6.3.36,0.682178,0.0,0.0,0.0,0.0,3
3.6.3.4,10.266181,26.659224,0.0,17.856005,12.90889,3
3.6.3.40,6.81763,2.487915,0.0,5.372091,7.131605,3
3.6.3.41,12.235003,15.541703,0.0,60.1882,22.45786,3
3.6.3.42,0.0,1.982414,0.0,0.0,0.0,3
3.6.3.44,0.821114,27.44272,1.705787,15.743185,9.364777,3
3.6.3.5,1.121866,2.52711,0.0,0.0,7.915074,3
3.6.3.53,10.7689,19.6874,0.0,0.0,1.43129,3
3.6.3.54,3.69705,16.1865,0.0,39.336,9.51121,3
3.6.3.8,6.650184,59.474412,0.0,50.383003,42.688342,3
3.6.4.12,753.82768,1238.813694,1.841294,1109.293525,1303.294995,3
3.6.4.13,94.74396,120.656569,0.284754,187.791382,115.166784,3
3.6.5.3,22.913267,20.138744,0.0,1.55971,23.086041,3
3.6.5.n1,86.551318,148.051265,0.0,127.950732,155.289949,3
3.7.1.8,0.0,0.0,0.0,0.339212,0.0,3
3.8.1.2,0.0,0.768244,0.0,0.0,1.534697,3
3.8.1.3,0.0,1.50296,0.0,0.0,1.02927,3
3.8.1.5,0.0,1.73401,0.0,0.0,0.983052,3
3.8.1.8,0.0,0.535434,0.0,0.0,0.0,3
4.1.1.11,72.53861,153.547738,1.63789,103.011365,134.486848,4
4.1.1.12,11.111493,17.95332,0.0,33.6119,19.13537,4
4.1.1.15,58.593576,146.987805,0.389045,95.59112,117.737237,4
4.1.1.17,5.17972,0.0,0.495903,0.218263,0.318521,4
4.1.1.18,5.016074,1.64384,0.0,0.0,1.28355,4
4.1.1.19,57.911956,111.501997,0.0,103.8237,111.645951,4
4.1.1.2,1.39734,0.0,0.0,5.68724,0.919392,4
4.1.1.20,75.875166,141.02933,0.0,110.839366,124.824951,4
4.1.1.23,84.289905,160.829002,0.0,120.766112,166.149465,4
4.1.1.3,1.930728,7.972773,0.0,24.916644,7.111369,4
4.1.1.31,3.131028,2.043464,1.359049,0.0,1.84443,4
4.1.1.32,4.45822,8.11759,0.0,7.448525,17.888286,4
4.1.1.36,59.268507,115.846946,0.982053,94.794702,96.682848,4
4.1.1.37,4.209909,4.063881,0.0,28.18114,4.384523,4
4.1.1.41,18.8627,39.3197,0.0,0.0,27.14755,4
4.1.1.44,0.0,0.0,0.0,1.388521,0.0,4
4.1.1.47,0.31887,0.0,0.0,0.0,0.0,4
4.1.1.48,38.112302,83.189892,0.0,76.873926,75.442905,4
4.1.1.49,94.058173,190.760524,0.0,141.508298,185.48979,4
4.1.1.50,7.998696,4.791396,0.0,13.418958,13.545454,4
4.1.1.65,61.21387,148.011025,0.0,95.7644,111.191598,4
4.1.1.70,73.4563,137.603896,0.0,128.674742,151.826482,4
4.1.1.8,0.930969,0.0,0.0,0.0,0.0,4
4.1.1.81,3.463205,0.752825,0.0,15.750653,1.519855,4
4.1.1.82,23.25349,26.9928,0.0,79.0171,25.691255,4
4.1.1.83,6.143334,4.257218,0.0,1.50852,7.410292,4
4.1.1.85,0.392889,0.0,0.5573,0.0,2.47177,4
4.1.1.96,1.38984,0.0,0.0,12.4508,1.18361,4
4.1.2.13,30.291854,115.42559,0.0,63.770023,109.365292,4
4.1.2.14,9.182287,5.5748,0.405979,22.070015,8.359015,4
4.1.2.17,6.148006,4.059052,0.0,2.107501,2.438162,4
4.1.2.19,31.664475,21.928309,0.0,67.651225,50.764872,4
4.1.2.2,0.709594,0.344169,0.0,1.83486,0.0,4
4.1.2.20,2.496434,0.0,0.0,0.0,0.0,4
4.1.2.21,0.973229,0.0,0.0,0.355313,0.0,4
4.1.2.22,0.0,0.709608,0.0,0.0,0.0,4
4.1.2.25,64.673654,164.235596,0.0,93.958119,125.171674,4
4.1.2.28,0.533541,0.0,0.0,0.0,0.0,4
4.1.2.4,84.045271,176.394397,0.0,138.471753,162.568799,4
4.1.2.40,5.768654,1.34316,0.0,1.83486,1.22225,4
4.1.2.42,1.46211,3.05949,0.0,0.0,2.95757,4
4.1.2.48,34.881034,54.553832,0.372717,79.069368,27.680697,4
4.1.2.5,20.107394,23.04346,0.372717,26.0849,24.64147,4
4.1.2.50,0.33665,0.0,0.0,0.0,0.0,4
4.1.2.53,0.760407,0.0,0.0,0.0,0.0,4
4.1.2.57,0.34051,0.0,0.0,0.0,0.0,4
4.1.3.1,2.622558,0.0,0.331226,0.0,0.0,4
4.1.3.16,10.504414,5.5748,0.405979,22.070015,8.359015,4
4.1.3.27,14.264848,20.812291,0.0,23.046218,14.938125,4
4.1.3.3,23.39624,6.34078,0.0,58.076353,26.74479,4
4.1.3.30,0.771602,0.0,0.0,0.0,0.0,4
4.1.3.36,23.026646,74.61942,0.0,68.3567,57.18759,4
4.1.3.38,3.508738,4.28658,0.0,49.6271,3.0068,4
4.1.3.39,2.440225,3.07461,0.0,3.680365,4.730834,4
4.1.3.4,0.51235,0.0,0.0,0.0,0.0,4
4.1.3.40,0.592532,0.0,0.0,0.0,0.0,4
4.1.3.44,0.0,0.0,0.0,0.0,1.29361,4
4.1.3.6,13.044319,0.0,0.0,1.441327,3.407068,4
4.1.99.1,18.639925,7.89049,0.0,0.0,13.4294,4
4.1.99.12,106.999057,196.199481,0.728776,200.030548,189.940793,4
4.1.99.14,0.38185,0.0,0.0,4.03944,0.0,4
4.1.99.17,55.111903,102.0509,1.365502,94.977668,93.759537,4
4.1.99.18,0.0,0.0,0.0,0.0,7.61897,4
4.1.99.19,19.864152,34.272,0.0,81.251837,40.151254,4
4.1.99.2,17.7365,7.074288,0.0,0.0,14.80811,4
4.1.99.22,7.850307,6.680704,0.0,6.943913,6.521711,4
4.1.99.3,1.60363,0.0,0.0,0.0,0.0,4
4.2.1.1,27.182014,56.534987,0.0,66.7686,45.94832,4
4.2.1.10,87.134748,173.660061,1.87808,136.365132,164.414747,4
4.2.1.103,1.29312,0.0,0.0,27.4374,2.4893,4
4.2.1.11,100.290002,156.365614,0.580812,154.475372,181.375943,4
4.2.1.113,2.170633,5.39149,0.0,5.64803,2.80065,4
4.2.1.119,0.431797,0.37517,0.0,3.424568,0.0,4
4.2.1.12,1.117524,0.0,0.0,0.0,0.0,4
4.2.1.120,0.362862,0.0,0.0,1.987294,0.0,4
4.2.1.126,66.877508,109.392283,0.0,125.23898,102.522287,4
4.2.1.130,4.730375,0.0,0.0,31.4784,0.0,4
4.2.1.134,0.590301,0.0,0.0,0.0,0.0,4
4.2.1.135,0.0,0.0,0.0,18.6185,3.64535,4
4.2.1.136,57.34684,104.444621,0.0,107.598293,108.10108,4
4.2.1.151,24.9224,33.75118,0.0,0.0,30.7732,4
4.2.1.167,7.22339,0.0,0.0,0.0,0.0,4
4.2.1.17,31.333332,45.670578,0.0,86.746127,46.428789,4
4.2.1.19,85.138391,123.196782,0.0,110.245028,118.155995,4
4.2.1.2,81.914272,161.967335,1.065563,111.310608,134.684357,4
4.2.1.20,149.726116,309.069393,0.0,250.235091,296.439065,4
4.2.1.24,11.472825,5.294824,0.0,16.235478,14.118017,4
4.2.1.28,0.0,1.09201,0.0,2.88264,0.0,4
4.2.1.3,45.015585,77.42888,0.406365,66.5024,56.70866,4
4.2.1.30,0.0,0.760256,0.0,1.96603,0.0,4
4.2.1.32,4.854414,2.509291,0.0,2.30445,10.312636,4
4.2.1.33,165.526584,262.890896,0.0,243.891342,255.260195,4
4.2.1.40,0.539712,0.0,0.0,0.403268,0.0,4
4.2.1.42,19.774118,34.202044,0.0,23.36504,17.45217,4
4.2.1.44,1.054212,1.575648,0.0,3.211221,3.505813,4
4.2.1.45,4.0455,5.08367,0.0,61.559953,7.26901,4
4.2.1.46,114.212478,238.461632,0.0,370.402803,216.26449,4
4.2.1.47,84.858805,191.608655,0.0,219.665503,153.884331,4
4.2.1.49,60.701454,139.147019,1.31484,92.996729,122.265043,4
4.2.1.51,29.920673,55.546996,0.0,17.744917,34.992954,4
4.2.1.53,5.150962,1.00805,0.0,5.98179,4.142251,4
4.2.1.55,6.745162,3.50435,0.428517,7.537393,2.892877,4
4.2.1.59,64.840858,130.510326,0.546567,145.806161,123.591502,4
4.2.1.6,4.212386,0.0,0.0,0.774001,0.0,4
4.2.1.7,4.161279,1.75725,0.0,1.18773,1.08988,4
4.2.1.70,10.296266,31.12711,0.0,18.49615,35.745919,4
4.2.1.75,1.202909,1.0748,0.0,0.0,1.31208,4
4.2.1.79,0.983977,0.0,0.0,0.0,0.0,4
4.2.1.8,103.365028,241.048331,0.0,199.743904,182.880709,4
4.2.1.81,0.120061,0.0,0.0,0.0,0.0,4
4.2.1.82,0.807688,0.0,0.0,0.0,0.0,4
4.2.1.85,2.325979,2.745757,0.0,0.830263,1.067675,4
4.2.1.9,104.351769,141.916308,0.0,146.537817,136.03207,4
4.2.1.90,0.615865,0.801042,0.0,0.0,0.0,4
4.2.1.91,0.0,0.557305,0.0,0.0,0.0,4
4.2.1.99,0.115984,0.0,0.0,0.0,0.0,4
4.2.2.12,16.01927,31.12076,0.0,44.6961,4.35351,4
4.2.2.17,1.25277,3.53291,0.0,2.07716,0.353772,4
4.2.2.2,23.211152,50.210144,0.0,87.0575,35.051083,4
4.2.2.20,0.0,0.511016,0.0,0.0,1.00975,4
4.2.2.21,1.94051,3.34306,0.0,23.3025,2.25098,4
4.2.2.22,0.865811,38.5447,0.0,0.0,3.26652,4
4.2.2.23,0.0,5.484836,0.0,0.0,20.231668,4
4.2.2.25,2.30961,3.7326,0.0,25.3981,2.9627,4
4.2.2.3,0.463366,0.0,0.0,0.286877,0.0,4
4.2.2.5,29.34786,29.1394,0.0,63.0404,60.1595,4
4.2.2.7,40.827647,44.05823,0.0,53.35199,19.87168,4
4.2.2.8,35.26585,53.7522,0.0,32.150062,14.29036,4
4.2.2.9,2.32688,0.0,0.0,0.0,4.629083,4
4.2.2.n1,1.432156,0.0,0.0,0.0,0.0,4
4.2.3.1,56.434484,116.934119,0.0,113.769483,93.707595,4
4.2.3.3,95.460944,239.353921,0.0,148.73345,181.979457,4
4.2.3.4,80.855351,135.178672,0.763204,134.025248,146.120741,4
4.2.3.5,72.651687,149.756117,0.0,115.139363,138.268486,4
4.2.99.18,120.299699,197.389545,0.985375,143.518434,209.479777,4
4.2.99.20,0.401991,0.0,0.0,0.0,0.0,4
4.3.1.1,22.028935,70.05282,2.103916,15.829512,43.921495,4
4.3.1.12,0.470536,0.62963,0.0,0.0,0.0,4
4.3.1.14,0.0,0.0,0.0,0.369659,0.0,4
4.3.1.15,7.388645,1.076019,0.0,2.008358,1.608513,4
4.3.1.17,48.332726,37.916502,0.680022,65.764238,32.161724,4
4.3.1.18,4.91153,0.0,0.0,3.81432,1.90306,4
4.3.1.19,11.410602,10.885446,0.0,10.694054,15.875745,4
4.3.1.3,57.962501,136.66574,0.50077,86.6398,115.076406,4
4.3.1.4,29.84758,51.99294,0.0,26.828,31.52522,4
4.3.1.7,5.605085,2.620264,0.0,11.064563,0.52242,4
4.3.2.1,87.612357,145.429256,0.0,125.220788,141.543195,4
4.3.2.10,138.137065,247.947014,0.0,187.505038,230.573353,4
4.3.2.2,94.5339,167.752884,0.0,132.778724,170.277036,4
4.3.2.3,12.5005,31.8291,0.0,18.143696,1.56671,4
4.3.3.6,9.737328,16.040787,0.0,8.879382,15.538253,4
4.3.3.7,91.936677,169.122083,0.51429,125.674834,153.068809,4
4.3.99.2,26.0725,42.6944,0.0,83.1395,17.801,4
4.3.99.3,70.642766,167.511745,0.692512,115.040914,134.375385,4
4.4.1.1,6.56299,1.25605,0.0,5.66255,3.67022,4
4.4.1.11,6.294929,8.599177,0.6504,23.552791,9.179356,4
4.4.1.13,0.628114,0.0,0.0,0.0,0.0,4
4.4.1.15,0.0,1.26969,0.0,0.559194,0.0,4
4.4.1.21,62.519568,98.036429,0.608512,64.816173,84.842855,4
4.4.1.28,0.451072,0.0,0.0,0.0,0.0,4
4.4.1.5,5.648693,10.991051,0.0,17.917194,6.450409,4
4.4.1.8,15.29344,70.548781,0.0,62.461952,51.613334,4
4.6.1.1,13.301516,21.624267,0.0,44.5774,19.01264,4
4.6.1.12,76.849603,165.568772,0.0,117.172199,163.242825,4
4.6.1.13,33.6482,28.984407,0.0,29.9185,35.3967,4
4.6.1.16,0.0,0.0,0.0,0.0,1.54945,4
4.6.1.17,8.382936,6.630196,0.0,10.674347,13.668194,4
4.7.1.1,2.450621,0.0,0.0,0.0,0.0,4
4.99.1.1,2.252654,0.0,0.0,0.0,0.395318,4
4.99.1.12,11.8269,2.656408,0.0,11.12992,12.132011,4
4.99.1.3,2.00925,0.0,0.0,3.94021,27.271427,4
4.99.1.4,0.629101,0.0,0.0,0.0,0.249049,4
5.1.1.1,102.944113,161.414489,0.434678,144.886682,176.091368,5
5.1.1.11,0.67968,5.81785,0.0,0.0,0.0,5
5.1.1.13,2.827181,0.737589,0.0,3.003052,0.402963,5
5.1.1.20,3.517425,16.5745,0.261766,23.3968,10.067,5
5.1.1.3,83.339243,180.149385,0.782221,132.178304,156.638669,5
5.1.1.7,66.644743,145.799371,0.0,118.150473,155.968473,5
5.1.2.2,0.148718,0.0,0.0,0.0,0.0,5
5.1.3.1,101.424581,191.851981,0.853673,154.913986,164.920836,5
5.1.3.10,0.0,0.0,0.0,13.1319,0.0,5
5.1.3.11,72.916233,92.927505,0.0,218.587236,119.322234,5
5.1.3.13,103.357469,185.360867,0.0,204.375428,220.717139,5
5.1.3.14,42.352777,189.115343,0.0,272.360393,196.027092,5
5.1.3.15,1.238171,0.793912,0.0,0.0,0.0,5
5.1.3.2,88.695044,277.779788,0.0,258.091214,213.405811,5
5.1.3.20,15.08529,4.164293,0.0,11.04198,12.671782,5
5.1.3.22,5.74799,1.04623,0.0,0.0,0.0,5
5.1.3.23,5.90024,14.5136,0.0,15.5207,0.576796,5
5.1.3.24,7.374154,38.51682,0.0,17.8842,28.41163,5
5.1.3.29,0.740566,0.259252,0.0,0.0,0.0,5
5.1.3.3,229.459913,460.732529,0.0,404.298709,352.801669,5
5.1.3.32,8.86382,67.014574,0.795682,79.149982,49.425225,5
5.1.3.4,32.202873,79.26188,0.83595,66.641231,74.244079,5
5.1.3.7,0.0,1.71722,0.0,0.0,0.0,5
5.1.3.8,4.247613,17.85645,0.0,23.4951,15.53843,5
5.1.3.9,5.171472,3.51306,0.0,16.798091,4.913883,5
5.1.99.1,1.2791,25.43066,1.28817,0.71607,15.47068,5
5.1.99.3,0.0,0.0,0.0,0.595253,0.0,5
5.1.99.6,50.161583,98.052773,0.0,85.340132,85.934343,5
5.1.99.8,0.265781,0.0,0.0,0.0,0.0,5
5.2.1.8,578.309369,1133.546003,6.696564,834.63452,1086.325543,5
5.3.1.1,79.270763,174.029779,0.640623,124.683843,165.472014,5
5.3.1.12,43.784666,96.185307,0.0,75.482641,90.19602,5
5.3.1.13,5.849954,2.424294,0.0,8.11735,1.77108,5
5.3.1.14,75.444535,100.752559,0.603263,100.49372,100.564348,5
5.3.1.16,65.669121,118.181162,0.0,91.561432,109.042468,5
5.3.1.17,92.537279,235.080959,0.0,196.20473,185.81361,5
5.3.1.22,2.592999,3.363606,0.0,0.668543,3.39795,5
5.3.1.23,4.499929,10.525921,0.0,19.958059,15.883819,5
5.3.1.24,49.095531,95.956403,0.0,93.152032,95.373415,5
5.3.1.25,37.10727,81.221502,0.0,100.14205,103.569494,5
5.3.1.26,0.0,0.895056,0.0,0.0,0.0,5
5.3.1.27,2.012681,0.609789,0.0,0.180386,0.0,5
5.3.1.28,19.513493,31.957371,0.0,46.93456,37.680942,5
5.3.1.4,51.781875,98.848373,0.0,118.935785,98.703668,5
5.3.1.5,38.072447,102.20955,0.0,82.422552,70.249225,5
5.3.1.6,54.98401,74.938413,0.0,93.707186,69.566928,5
5.3.1.8,20.935562,81.592174,0.0,79.46655,53.017513,5
5.3.1.9,76.740525,142.697942,0.0,118.866051,142.869978,5
5.3.3.2,10.506631,15.469859,0.0,41.686892,15.8166,5
5.3.3.3,0.0,0.0,1.01899,0.0,0.662805,5
5.3.3.6,0.201433,0.0,0.0,0.0,0.0,5
5.4.1.2,2.005549,6.03879,0.0,0.0,1.301355,5
5.4.2.1,0.0,3.850504,0.0,0.0,3.896882,5
5.4.2.10,34.130362,44.184444,0.0,43.130453,52.681361,5
5.4.2.11,76.50651,221.509062,0.721874,137.10005,187.029666,5
5.4.2.12,96.928984,200.359212,0.57736,149.380984,190.957697,5
5.4.2.2,9.218859,27.075074,0.0,52.876927,18.419187,5
5.4.2.6,32.226271,50.85785,0.0,66.00912,30.318534,5
5.4.2.7,14.898526,6.831516,0.0,21.561357,20.11498,5
5.4.2.8,17.736217,22.292291,0.879668,6.256472,26.104351,5
5.4.2.9,23.47516,29.5781,0.0,47.041,21.38815,5
5.4.3.2,23.865605,73.82717,1.20151,59.36663,49.595899,5
5.4.3.3,0.0,0.0,0.0,0.799999,0.0,5
5.4.3.6,12.7064,2.39285,0.0,0.0,8.89433,5
5.4.3.8,15.64409,5.776023,0.66876,18.297342,20.01779,5
5.4.4.2,20.3351,65.966803,0.0,56.45943,31.5989,5
5.4.99.1,0.0,0.0,1.1106,1.209253,0.524156,5
5.4.99.12,93.984112,182.993516,0.932166,139.963468,171.936956,5
5.4.99.16,0.0,0.0,0.0,0.0,0.476829,5
5.4.99.18,80.257144,164.006452,0.462811,110.765906,138.881054,5
5.4.99.19,1.19837,0.0,0.0,0.0,0.0,5
5.4.99.2,42.965031,46.415124,1.331712,6.494253,41.119933,5
5.4.99.20,0.52917,0.0,0.0,0.0,0.0,5
5.4.99.21,1.583338,0.0,1.13624,0.0,0.0,5
5.4.99.22,1.196748,0.0,0.0,0.0,0.0,5
5.4.99.23,19.874603,37.133391,0.0,4.267331,5.732991,5
5.4.99.24,3.130903,2.405737,0.0,0.35161,3.57373,5
5.4.99.25,88.803217,161.118153,0.0,143.935777,169.782403,5
5.4.99.26,19.684643,25.294,0.0,25.6265,36.330907,5
5.4.99.27,0.0,0.89097,0.0,0.0,0.699675,5
5.4.99.28,31.400341,49.69269,0.0,70.8337,34.585719,5
5.4.99.29,0.201733,0.0,0.0,0.0,0.0,5
5.4.99.5,7.19244,6.064879,0.0,8.872037,5.474508,5
5.4.99.61,3.131934,0.395894,0.0,6.58836,1.706924,5
5.4.99.62,2.224528,1.22122,0.0,2.239196,0.0,5
5.4.99.9,9.748392,138.313535,0.0,76.277006,59.906895,5
5.5.1.1,2.81017,0.504426,0.0,0.0,2.17862,5
5.5.1.4,5.82005,39.401597,0.0,15.1335,40.69304,5
5.99.1.2,198.511372,408.80433,2.818496,281.479958,402.322426,5
5.99.1.3,277.466435,535.811367,1.407089,447.477159,565.241337,5
6.1.1.1,85.71528,158.185317,0.486384,130.35075,155.630044,6
6.1.1.10,90.756678,180.387046,0.855304,127.605948,173.408981,6
6.1.1.11,71.126573,124.700028,0.793344,116.773469,116.356239,6
6.1.1.12,70.473546,123.966959,0.0,95.989182,131.229152,6
6.1.1.13,0.69391,1.22583,0.0,0.0,1.945939,6
6.1.1.14,96.143946,152.546131,1.252656,141.476862,152.92732,6
6.1.1.15,90.136469,144.250279,0.548586,111.280366,152.585152,6
6.1.1.16,95.952204,184.388912,0.763444,133.182777,177.903432,6
6.1.1.17,98.300832,162.838313,0.0,128.331642,165.326973,6
6.1.1.18,68.05244,141.45096,0.0,101.701025,152.612148,6
6.1.1.19,87.399717,184.923749,1.669,140.192704,189.358601,6
6.1.1.2,21.35284,64.991218,0.913015,57.608727,66.78118,6
6.1.1.20,156.755989,292.030346,1.00747,234.345403,290.855721,6
6.1.1.21,82.963197,141.17812,0.0,108.841323,139.218202,6
6.1.1.22,79.84313,174.26287,0.665804,117.511315,165.169891,6
6.1.1.23,15.404466,13.38581,0.0,12.70112,23.137877,6
6.1.1.3,88.836297,169.247559,0.0,127.347416,173.533128,6
6.1.1.4,91.930595,173.17746,0.839389,142.433307,172.001162,6
6.1.1.5,87.679756,162.294659,0.705838,120.411506,151.207225,6
6.1.1.6,95.678602,164.505256,0.0,135.957902,170.63599,6
6.1.1.7,82.110717,147.076283,0.0,129.61599,155.70249,6
6.1.1.9,55.952693,123.870159,0.0,125.507883,151.90785,6
6.1.2.1,0.0,0.0,0.0,1.27342,0.0,6
6.2.1.1,1.406662,2.68596,0.0,0.0,2.58253,6
6.2.1.14,2.39449,1.15949,0.0,2.43106,0.0,6
6.2.1.16,3.9717,30.0006,0.0,14.7151,36.3788,6
6.2.1.17,0.736009,0.0,0.0,0.0,0.0,6
6.2.1.22,11.345935,1.01779,0.0,2.890417,0.88718,6
6.2.1.26,0.657571,7.15381,0.0,30.80608,6.653587,6
6.2.1.27,0.524002,0.0,0.0,0.0,0.0,6
6.2.1.3,80.688819,149.832392,1.094557,114.321061,147.955756,6
6.2.1.30,83.63571,217.110893,0.0,169.805415,186.087374,6
6.2.1.5,21.84129,39.73738,0.403562,96.1431,42.873782,6
6.3.1.1,52.624836,151.310447,0.0,122.965102,125.323512,6
6.3.1.11,0.0,0.0,0.468132,0.0,0.0,6
6.3.1.12,0.0,0.0,0.0,0.0,5.0705,6
6.3.1.19,0.0,0.963092,0.0,0.0,0.0,6
6.3.1.2,96.374998,165.290396,0.0,162.602386,116.296887,6
6.3.1.20,6.624902,4.42426,0.0,22.777437,7.998065,6
6.3.1.5,5.472944,4.76468,0.0,0.0,15.129628,6
6.3.1.8,0.266198,0.0,0.0,0.0,0.0,6
6.3.2.1,66.827131,130.81796,0.0,111.048292,121.949151,6
6.3.2.10,81.632677,149.00918,0.0,120.692036,126.10638,6
6.3.2.13,85.785678,153.628974,0.959932,131.606234,151.208943,6
6.3.2.17,15.315085,37.718541,0.0,29.10006,10.290778,6
6.3.2.2,4.130429,1.499009,0.0,12.56162,0.519217,6
6.3.2.29,0.0,1.71718,0.0,0.0,0.0,6
6.3.2.3,1.167852,0.450439,0.0,0.0,1.07943,6
6.3.2.31,0.408697,0.0,0.0,1.29064,0.0,6
6.3.2.37,0.0,0.641532,0.0,0.0,0.0,6
6.3.2.4,92.259011,155.239237,0.910494,132.496595,155.532746,6
6.3.2.45,0.597708,0.0,0.0,0.0,0.0,6
6.3.2.49,0.0,1.02326,0.0,0.0,0.0,6
6.3.2.5,63.904256,116.469706,0.982053,100.422932,104.051722,6
6.3.2.6,90.761176,147.147974,0.829212,103.404623,161.081425,6
6.3.2.7,1.248251,2.009362,0.0,1.24625,1.16422,6
6.3.2.8,84.458135,159.450514,0.823556,131.06971,142.821654,6
6.3.2.9,87.059669,156.291583,0.680376,129.215022,156.380726,6
6.3.3.1,45.655416,51.229124,0.0,24.146481,52.732317,6
6.3.3.2,75.806556,174.693668,0.0,130.879256,134.859537,6
6.3.3.3,53.01328,111.211564,0.0,108.47335,86.314182,6
6.3.4.13,67.92873,153.043233,0.0,106.651864,130.919522,6
6.3.4.14,35.712048,100.229644,0.0,139.818536,120.965015,6
6.3.4.15,44.797783,72.109827,0.0,67.668184,79.723221,6
6.3.4.18,16.254511,26.28553,0.0,0.0,24.310275,6
6.3.4.19,77.70935,130.251639,0.0,106.250375,125.005896,6
6.3.4.2,90.013183,157.662872,0.0,117.5535,163.122098,6
6.3.4.20,52.692746,130.34877,0.0,96.75351,91.718582,6
6.3.4.21,40.409267,56.487342,0.0,81.705751,59.902233,6
6.3.4.22,0.0,0.0,0.0,0.0,0.971458,6
6.3.4.3,61.312968,129.441244,0.669639,94.394961,126.410324,6
6.3.4.4,100.400948,187.302676,0.403562,149.710192,189.308715,6
6.3.4.5,55.672006,28.089609,0.0,34.090514,47.856407,6
6.3.4.6,1.432072,1.881469,0.0,0.267168,0.350813,6
6.3.5.1,93.724652,178.900629,0.44333,116.48903,176.317331,6
6.3.5.11,10.654073,30.382449,0.0,14.921812,43.250843,6
6.3.5.2,123.743308,228.245678,0.986329,185.135307,221.154171,6
6.3.5.3,79.73159,145.635652,0.0,103.612912,132.542087,6
6.3.5.4,24.208471,44.781598,0.0,42.87881,37.358293,6
6.3.5.5,210.757064,419.704092,1.177976,324.098663,399.668046,6
6.3.5.6,1.00202,1.29761,0.0,0.0,3.612868,6
6.3.5.7,21.826092,11.126148,0.0,23.76176,26.253987,6
6.3.5.9,7.08837,6.26417,0.0,13.0301,5.71525,6
6.4.1.1,12.635989,32.958156,0.638879,20.170406,32.689795,6
6.4.1.2,45.843075,137.340254,0.0,183.92675,145.390452,6
6.4.1.3,27.518734,91.38479,0.682629,111.623645,60.26212,6
6.4.1.7,5.022359,8.931939,0.0,7.728111,11.71856,6
6.5.1.1,0.0,1.784151,0.0,5.90503,1.30265,6
6.5.1.2,80.03953,141.392559,0.554259,100.331514,139.202711,6
6.5.1.4,1.124375,0.992105,0.0,0.0,0.677522,6
6.6.1.1,0.342625,2.321639,0.0,0.687484,0.0,6
6.6.1.2,0.0,1.15312,0.0,0.842885,1.03721,6
7.1.1.1,0.269479,0.0,0.0,0.0,0.0,7
7.1.1.2,11.054357,0.0,20.815159,0.0,0.0,7
7.1.1.3,0.24341,0.0,0.0,0.0,0.0,7
7.1.1.7,1.78859,0.0,0.0,0.0,0.0,7
7.1.2.2,213.919218,367.50053,0.804334,327.373291,376.785119,7
7.1.3.1,0.700661,0.0,0.0,15.16047,1.894338,7
7.2.1.1,339.610791,806.43441,3.006148,459.1667,642.353756,7
7.2.2.8,0.092244,0.0,0.0,0.0,0.0,7
7.2.4.1,0.0,0.0,0.0,1.41381,0.77906,7
7.2.4.2,19.029953,28.035776,0.0,27.875648,11.536841,7
7.3.2.1,54.171274,93.209977,0.0,117.824205,143.27313,7
7.3.2.2,2.621793,2.30584,0.0,0.865262,8.620378,7
7.4.2.1,0.093874,0.0,0.0,0.0,0.0,7
7.5.2.1,0.251075,0.0,0.0,0.0,0.0,7
7.6.2.2,1.329616,0.0,0.0,0.0,0.0,7
7.6.2.5,0.323238,0.0,0.0,0.0,0.0,7
UNGROUPED,435936.031299,761839.767005,45055.911595,586254.166944,736949.203742,
